customer_id,customer_name,city,state,customer_segment,gender
CUST0001,Customer 0001,Jaipur,Rajasthan,Regular,Male
CUST0002,Customer 0002,Jodhpur,Rajasthan,Premium,Female
CUST0003,Customer 0003,New Delhi,Delhi,New,Female
CUST0004,Customer 0004,Mumbai,Maharashtra,Regular,Female
CUST0005,Customer 0005,Pune,Maharashtra,New,Male
CUST0006,Customer 0006,Bengaluru,Karnataka,Regular,Female
CUST0007,Customer 0007,Chennai,Tamil Nadu,Regular,Female
CUST0008,Customer 0008,Hyderabad,Telangana,Regular,Male
CUST0009,Customer 0009,Ahmedabad,Gujarat,Regular,Male
CUST0010,Customer 0010,Kolkata,West Bengal,Regular,Female
CUST0011,Customer 0011,Lucknow,Uttar Pradesh,Regular,Male
CUST0012,Customer 0012,Indore,Madhya Pradesh,Premium,Female
CUST0013,Customer 0013,Gurugram,Haryana,Regular,Male
CUST0014,Customer 0014,Ludhiana,Punjab,Regular,Male
CUST0015,Customer 0015,Patna,Bihar,New,Female
CUST0016,Customer 0016,Jaipur,Rajasthan,Regular,Female
CUST0017,Customer 0017,Jodhpur,Rajasthan,New,Male
CUST0018,Customer 0018, jaipur ,Delhi,Regular,Male
CUST0019,Customer 0019,Mumbai,Maharashtra,New,Male
CUST0020,Customer 0020,Pune,Maharashtra,New,Female
CUST0021,Customer 0021,Bengaluru,Karnataka,Regular,Female
CUST0022,Customer 0022,Chennai,Tamil Nadu,Regular,Male
CUST0023,Customer 0023,Hyderabad,Telangana,Regular,Female
CUST0024,Customer 0024,Ahmedabad,Gujarat,Regular,Male
CUST0025,Customer 0025,Kolkata,West Bengal,Regular,Male
CUST0026,Customer 0026,Lucknow,Uttar Pradesh,New,Male
CUST0027,Customer 0027,Indore,Madhya Pradesh,Regular,Female
CUST0028,Customer 0028,Gurugram,Haryana,Regular,Female
CUST0029,Customer 0029,Ludhiana,Punjab,Regular,Male
CUST0030,Customer 0030,Patna,Bihar,New,Male
CUST0031,Customer 0031,Jaipur,Rajasthan,Regular,Male
CUST0032,Customer 0032,Jodhpur,Rajasthan,Regular,Female
CUST0033,Customer 0033,New Delhi,Delhi,Regular,Male
CUST0034,Customer 0034,Mumbai,Maharashtra,Regular,Male
CUST0035,Customer 0035,Pune,Maharashtra,New,Male
CUST0036,Customer 0036,Bengaluru,Karnataka,New,Male
CUST0037,Customer 0037,Chennai,Tamil Nadu,Premium,Male
CUST0038,Customer 0038,Hyderabad,Telangana,New,Male
CUST0039,Customer 0039,Ahmedabad,Gujarat,New,Female
CUST0040,Customer 0040,Kolkata,West Bengal,Regular,Female
CUST0041,Customer 0041,Lucknow,Uttar Pradesh,Regular,Male
CUST0042,Customer 0042,Indore,Madhya Pradesh,Regular,Male
CUST0043,Customer 0043,Gurugram,Haryana,New,Male
CUST0044,Customer 0044,Ludhiana,Punjab,Regular,Male
CUST0045,Customer 0045,Patna,Bihar,New,Male
CUST0046,Customer 0046,Jaipur,Rajasthan,New,Female
CUST0047,Customer 0047,Jodhpur,Rajasthan,Regular,Male
CUST0048,Customer 0048,New Delhi,Delhi,New,Female
CUST0049,Customer 0049,Mumbai,rajasthan,Regular,Male
CUST0050,Customer 0050,Pune,Maharashtra,New,Female
CUST0051,Customer 0051,Bengaluru,Karnataka,Premium,Female
CUST0052,Customer 0052,Chennai,Tamil Nadu,New,Female
CUST0053,Customer 0053,Hyderabad,Telangana,Regular,Female
CUST0054,Customer 0054,Ahmedabad,Gujarat,Regular,Male
CUST0055,Customer 0055,Kolkata,West Bengal,New,Female
CUST0056,Customer 0056,Lucknow,Uttar Pradesh,Regular,Male
CUST0057,Customer 0057,Indore,Madhya Pradesh,New,Male
CUST0058,Customer 0058,Gurugram,Haryana,New,Female
CUST0059,Customer 0059,Ludhiana,Punjab,Regular,Female
CUST0060,Customer 0060,Patna,Bihar,Regular,Female
CUST0061,Customer 0061,Jaipur,Rajasthan,Regular,Female
CUST0062,Customer 0062,Jodhpur,Rajasthan,New,Male
CUST0063,Customer 0063,New Delhi,Delhi,New,Male
CUST0064,Customer 0064,Mumbai,Maharashtra,New,Male
CUST0065,Customer 0065,Pune,Maharashtra,New,Male
CUST0066,Customer 0066,Bengaluru,Karnataka,New,Female
CUST0067,Customer 0067,Chennai,Tamil Nadu,Regular,Male
CUST0068,Customer 0068,Hyderabad,Telangana,Regular,Male
CUST0069,Customer 0069,Ahmedabad,Gujarat,Premium,Male
CUST0070,Customer 0070,Kolkata,West Bengal,Regular,Male
CUST0071,Customer 0071,Lucknow,Uttar Pradesh,Regular,Male
CUST0072,Customer 0072,Indore,Madhya Pradesh,Premium,Male
CUST0073,  Customer 0073  ,Gurugram,Haryana,Regular,Male
CUST0074,Customer 0074,Ludhiana,Punjab,New,Male
CUST0075,Customer 0075,Patna,Bihar,Regular,Male
CUST0076,Customer 0076,Jaipur,Rajasthan,Regular,Female
CUST0077,Customer 0077,Jodhpur,Rajasthan,New,Male
CUST0078,Customer 0078,New Delhi,Delhi,New,Female
CUST0079,Customer 0079,Mumbai,Maharashtra,New,Female
CUST0080,Customer 0080,Pune,Maharashtra,Regular,Female
CUST0081,Customer 0081,Bengaluru,Karnataka,New,Female
CUST0082,Customer 0082,Chennai,Tamil Nadu,New,Male
CUST0083,Customer 0083,Hyderabad,Telangana,Regular,Male
CUST0084,Customer 0084,Ahmedabad,Gujarat,Regular,Female
CUST0085,Customer 0085,Kolkata,West Bengal,New,Female
CUST0086,Customer 0086,Lucknow,Uttar Pradesh,New,Male
CUST0087,Customer 0087,Indore,Madhya Pradesh,New,Female
CUST0088,Customer 0088,Gurugram,Haryana,New,Male
CUST0089,Customer 0089,Ludhiana,Punjab,Regular,Female
CUST0090,Customer 0090,Patna,Bihar,Premium,Female
CUST0091,Customer 0091,Jaipur,Rajasthan,Premium,Female
CUST0092,Customer 0092,Jodhpur,Rajasthan,Regular,Male
CUST0093,Customer 0093,New Delhi,Delhi,Regular,Female
CUST0094,Customer 0094,Mumbai,Maharashtra,Regular,Male
CUST0095,Customer 0095,Pune,Maharashtra,Regular,Male
CUST0096,Customer 0096,Bengaluru,Karnataka,Premium,Male
CUST0097,Customer 0097,Chennai,Tamil Nadu,New,Female
CUST0098,Customer 0098,Hyderabad,Telangana,New,Male
CUST0099,Customer 0099,Ahmedabad,Gujarat,Regular,Female
CUST0100,Customer 0100,Kolkata,West Bengal,New,Male
CUST0101,Customer 0101,Lucknow,Uttar Pradesh,,Female
CUST0102,Customer 0102,Indore,Madhya Pradesh,Regular,Male
CUST0103,Customer 0103,Gurugram,Haryana,New,Male
CUST0104,Customer 0104,Ludhiana,Punjab,New,Female
CUST0105,Customer 0105,Patna,Bihar,New,Male
CUST0106,Customer 0106,Jaipur,Rajasthan,Regular,Male
CUST0107,Customer 0107,Jodhpur,Rajasthan,New,Female
CUST0108,Customer 0108,New Delhi,Delhi,Regular,Female
CUST0109,Customer 0109,Mumbai,Maharashtra,New,Male
CUST0110,Customer 0110,Pune,Maharashtra,Premium,Male
CUST0111,Customer 0111,Bengaluru,Karnataka,New,Male
CUST0112,Customer 0112,Chennai,Tamil Nadu,Regular,Female
CUST0113,Customer 0113,Hyderabad,Telangana,New,Female
CUST0114,Customer 0114,Ahmedabad,Gujarat,New,Male
CUST0115,Customer 0115,Kolkata,West Bengal,Regular,Male
CUST0116,Customer 0116,Lucknow,Uttar Pradesh,New,Male
CUST0117,Customer 0117,Indore,Madhya Pradesh,Premium,Male
CUST0118,Customer 0118,Gurugram,Haryana,Premium,Female
CUST0119,Customer 0119,Ludhiana,Punjab,Regular,Female
CUST0120,Customer 0120,Patna,Bihar,New,Male
CUST0121,Customer 0121,Jaipur,Rajasthan,Regular,Female
CUST0122,Customer 0122,Jodhpur,Rajasthan,New,Male
CUST0123,Customer 0123,New Delhi,Delhi,Regular,Female
CUST0124,Customer 0124,Mumbai,Maharashtra,Regular,Male
CUST0125,Customer 0125,Pune,Maharashtra,Regular,Male
CUST0126,Customer 0126,Bengaluru,Karnataka,Regular,Female
CUST0127,Customer 0127,Chennai,Tamil Nadu,Regular,Male
CUST0128,Customer 0128,Hyderabad,Telangana,New,Female
CUST0129,Customer 0129,Ahmedabad,Gujarat,Regular,Male
CUST0130,Customer 0130,Kolkata,West Bengal,New,Male
CUST0131,Customer 0131,Lucknow,Uttar Pradesh,New,Female
CUST0132,Customer 0132,Indore,Madhya Pradesh,New,Male
CUST0133,Customer 0133,Gurugram,Haryana,Premium,Male
CUST0134,Customer 0134,Ludhiana,Punjab,New,Male
CUST0135,Customer 0135,Patna,Bihar,New,Male
CUST0136,Customer 0136,Jaipur,Rajasthan,New,Male
CUST0137,Customer 0137,Jodhpur,Rajasthan,New,Male
CUST0138,Customer 0138,New Delhi,Delhi,Regular,Male
CUST0139,Customer 0139,Mumbai,Maharashtra,New,Male
CUST0140,Customer 0140,Pune,Maharashtra,Premium,Female
CUST0141,Customer 0141,Bengaluru,Karnataka,New,Male
CUST0142,Customer 0142,Chennai,Tamil Nadu,New,Male
CUST0143,Customer 0143,Hyderabad,Telangana,Regular,Male
CUST0144,Customer 0144,Ahmedabad,Gujarat,New,Male
CUST0145,Customer 0145,Kolkata,West Bengal,Regular,Male
CUST0146,Customer 0146,Lucknow,Uttar Pradesh,Regular,Male
CUST0147,Customer 0147,Indore,Madhya Pradesh,Premium,Male
CUST0148,Customer 0148,Gurugram,Haryana,Regular,Female
CUST0149,Customer 0149,Ludhiana,Punjab,Premium,Female
CUST0150,Customer 0150,Patna,Bihar,Regular,Female
CUST0151,Customer 0151,Jaipur,Rajasthan,Regular,Male
CUST0152,Customer 0152,Jodhpur,Rajasthan,Regular,Male
CUST0153,Customer 0153,New Delhi,Delhi,Premium,Male
CUST0154,Customer 0154,Mumbai,Maharashtra,Regular,Female
CUST0155,Customer 0155,Pune,Maharashtra,New,Male
CUST0156,Customer 0156,Bengaluru,Karnataka,Regular,Male
CUST0157,Customer 0157,Chennai,Tamil Nadu,New,Male
CUST0158,Customer 0158,Hyderabad,Telangana,Regular,Male
CUST0159,Customer 0159,Ahmedabad,Gujarat,Regular,Female
CUST0160,Customer 0160,Kolkata,West Bengal,New,Female
CUST0161,Customer 0161,Lucknow,Uttar Pradesh,Premium,Male
CUST0162,Customer 0162,Indore,Madhya Pradesh,New,Male
CUST0163,Customer 0163,Gurugram,Haryana,Regular,Female
CUST0164,Customer 0164,Ludhiana,Punjab,Regular,Male
CUST0165,Customer 0165,Patna,Bihar,Regular,Male
CUST0166,Customer 0166,Jaipur,Rajasthan,Regular,Male
CUST0167,Customer 0167,Jodhpur,Rajasthan,Regular,Female
CUST0168,Customer 0168,New Delhi,Delhi,New,Female
CUST0169,Customer 0169,Mumbai,Maharashtra,New,Female
CUST0170,Customer 0170,Pune,Maharashtra,New,Female
CUST0171,Customer 0171,Bengaluru,Karnataka,New,Female
CUST0172,Customer 0172,Chennai,Tamil Nadu,Regular,Male
CUST0173,Customer 0173,Hyderabad,Telangana,Regular,Female
CUST0174,Customer 0174,Ahmedabad,Gujarat,Premium,Male
CUST0175,Customer 0175,Kolkata,West Bengal,Regular,Male
CUST0176,Customer 0176,Lucknow,Uttar Pradesh,Regular,Male
CUST0177,Customer 0177,Indore,Madhya Pradesh,Regular,Male
CUST0178,Customer 0178,Gurugram,Haryana,Regular,Male
CUST0179,Customer 0179,Ludhiana,Punjab,Regular,Female
CUST0180,Customer 0180,Patna,Bihar,Regular,Male
CUST0181,Customer 0181,Jaipur,Rajasthan,Premium,Male
CUST0182,Customer 0182,Jodhpur,Rajasthan,New,Male
CUST0183,Customer 0183,New Delhi,Delhi,Regular,Male
CUST0184,Customer 0184,Mumbai,Maharashtra,Regular,Female
CUST0185,Customer 0185,Pune,Maharashtra,New,Female
CUST0186,Customer 0186,Bengaluru,Karnataka,Regular,Male
CUST0187,Customer 0187,Chennai,Tamil Nadu,Regular,Male
CUST0188,Customer 0188,Hyderabad,Telangana,New,Male
CUST0189,Customer 0189,Ahmedabad,Gujarat,Premium,Male
CUST0190,Customer 0190,Kolkata,West Bengal,Regular,Female
CUST0191,Customer 0191,Lucknow,Uttar Pradesh,Regular,Female
CUST0192,Customer 0192,Indore,Madhya Pradesh,Regular,Male
CUST0193,Customer 0193,Gurugram,Haryana,Regular,Female
CUST0194,Customer 0194,Ludhiana,Punjab,Regular,Female
CUST0195,Customer 0195,Patna,Bihar,New,Female
CUST0196,Customer 0196,Jaipur,Rajasthan,Regular,Male
CUST0197,Customer 0197,Jodhpur,Rajasthan,Regular,Female
CUST0198,Customer 0198,New Delhi,Delhi,New,Male
CUST0199,Customer 0199,Mumbai,Maharashtra,Regular,Male
CUST0200,Customer 0200,Pune,Maharashtra,Regular,Male
CUST0201,Customer 0201,Bengaluru,Karnataka,New,Female
CUST0202,Customer 0202,Chennai,Tamil Nadu,Regular,Male
CUST0203,Customer 0203,Hyderabad,Telangana,Premium,Female
CUST0204,Customer 0204,Ahmedabad,Gujarat,New,Female
CUST0205,Customer 0205,Kolkata,West Bengal,New,Female
CUST0206,Customer 0206,Lucknow,Uttar Pradesh,Regular,Female
CUST0207,Customer 0207,Indore,Madhya Pradesh,New,Female
CUST0208,Customer 0208,Gurugram,Haryana,New,Male
CUST0209,Customer 0209,Ludhiana,Punjab,New,Female
CUST0210,Customer 0210,Patna,Bihar,New,Female
CUST0211,Customer 0211,Jaipur,Rajasthan,Regular,Male
CUST0212,Customer 0212,Jodhpur,Rajasthan,New,Male
CUST0213,Customer 0213,New Delhi,Delhi,Regular,Female
CUST0214,Customer 0214,Mumbai,Maharashtra,New,Female
CUST0215,Customer 0215,Pune,Maharashtra,New,Female
CUST0216,Customer 0216,Bengaluru,Karnataka,Premium,Female
CUST0217,Customer 0217,Chennai,Tamil Nadu,Regular,Female
CUST0218,Customer 0218,Hyderabad,Telangana,New,Male
CUST0219,Customer 0219,Ahmedabad,Gujarat,New,Male
CUST0220,Customer 0220,Kolkata,West Bengal,Regular,Female
CUST0221,Customer 0221,Lucknow,Uttar Pradesh,Premium,Male
CUST0222,Customer 0222,Indore,Madhya Pradesh,Regular,Male
CUST0223,Customer 0223,Gurugram,Haryana,New,Female
CUST0224,Customer 0224,Ludhiana,Punjab,Premium,Female
CUST0225,Customer 0225,Patna,Bihar,New,Female
CUST0226,Customer 0226,Jaipur,Rajasthan,New,Female
CUST0227,Customer 0227,Jodhpur,Rajasthan,Regular,Male
CUST0228,Customer 0228,New Delhi,Delhi,New,Male
CUST0229,Customer 0229,Mumbai,Maharashtra,Premium,Male
CUST0230,Customer 0230,Pune,Maharashtra,Regular,Female
CUST0231,Customer 0231,Bengaluru,Karnataka,Regular,Male
CUST0232,Customer 0232,Chennai,Tamil Nadu,Premium,Male
CUST0233,Customer 0233,Hyderabad,Telangana,Regular,Female
CUST0234,Customer 0234,Ahmedabad,Gujarat,Regular,Female
CUST0235,Customer 0235,Kolkata,West Bengal,New,Male
CUST0236,Customer 0236,Lucknow,Uttar Pradesh,Regular,Male
CUST0237,Customer 0237,Indore,Madhya Pradesh,New,Male
CUST0238,Customer 0238,Gurugram,Haryana,New,Male
CUST0239,Customer 0239,Ludhiana,Punjab,Regular,Female
CUST0240,Customer 0240,Patna,Bihar,Regular,Male
CUST0241,Customer 0241,Jaipur,Rajasthan,Regular,Male
CUST0242,Customer 0242,Jodhpur,Rajasthan,Regular,Male
CUST0243,Customer 0243,New Delhi,Delhi,New,Male
CUST0244,Customer 0244,Mumbai,Maharashtra,Regular,Male
CUST0245,Customer 0245,Pune,Maharashtra,Regular,Male
CUST0246,Customer 0246,Bengaluru,Karnataka,Regular,Female
CUST0247,Customer 0247,Chennai,Tamil Nadu,Regular,Male
CUST0248,Customer 0248,Hyderabad,Telangana,Regular,Male
CUST0249,Customer 0249,Ahmedabad,Gujarat,Regular,Female
CUST0250,Customer 0250,Kolkata,West Bengal,Regular,Male
CUST0251,Customer 0251,MUMBAI,Uttar Pradesh,Regular,Female
CUST0252,Customer 0252,Indore,Madhya Pradesh,Premium,Male
CUST0253,Customer 0253,Gurugram,Haryana,Regular,Female
CUST0254,Customer 0254,Ludhiana,Punjab,New,Female
CUST0255,Customer 0255,Patna,Bihar,Regular,Male
CUST0256,Customer 0256,Jaipur,Rajasthan,New,Female
CUST0257,Customer 0257,Jodhpur,Rajasthan,New,Male
CUST0258,Customer 0258,New Delhi,Delhi,New,Male
CUST0259,Customer 0259,Mumbai,Maharashtra,New,Female
CUST0260,Customer 0260,Pune,Maharashtra,New,Female
CUST0261,Customer 0261,Bengaluru,Karnataka,Premium,Male
CUST0262,Customer 0262,Chennai,Tamil Nadu,New,Female
CUST0263,Customer 0263,Hyderabad,Telangana,New,Male
CUST0264,Customer 0264,Ahmedabad,Gujarat,Premium,Female
CUST0265,Customer 0265,Kolkata,West Bengal,Regular,Male
CUST0266,Customer 0266,Lucknow,Uttar Pradesh,Regular,Female
CUST0267,Customer 0267,Indore,Madhya Pradesh,Regular,Female
CUST0268,Customer 0268,Gurugram,Haryana,New,Male
CUST0269,Customer 0269,Ludhiana,Punjab,Regular,Male
CUST0270,Customer 0270,Patna,Bihar,New,Female
CUST0271,Customer 0271,Jaipur,Rajasthan,Premium,Male
CUST0272,Customer 0272,Jodhpur,Rajasthan,Regular,Female
CUST0273,Customer 0273,New Delhi,Delhi,New,Male
CUST0274,Customer 0274,Mumbai,Maharashtra,Regular,Male
CUST0275,Customer 0275,Pune,Maharashtra,Regular,Male
CUST0276,Customer 0276,Bengaluru,Karnataka,Regular,Male
CUST0277,Customer 0277,Chennai,Tamil Nadu,New,Female
CUST0278,Customer 0278,Hyderabad,Telangana,New,Male
CUST0279,Customer 0279,Ahmedabad,Gujarat,New,Male
CUST0280,Customer 0280,Kolkata,West Bengal,Regular,Male
CUST0281,Customer 0281,Lucknow,Uttar Pradesh,New,Male
CUST0282,Customer 0282,Indore,Madhya Pradesh,Regular,Female
CUST0283,Customer 0283,Gurugram,Haryana,Regular,Female
CUST0284,Customer 0284,Ludhiana,Punjab,Regular,Male
CUST0285,Customer 0285,Patna,Bihar,Regular,Male
CUST0286,Customer 0286,Jaipur,Rajasthan,New,Female
CUST0287,Customer 0287,Jodhpur,Rajasthan,Regular,Female
CUST0288,Customer 0288,New Delhi,Delhi,Premium,Male
CUST0289,Customer 0289,Mumbai,Maharashtra,Premium,Male
CUST0290,Customer 0290,Pune,Maharashtra,Premium,Male
CUST0291,Customer 0291,Bengaluru,Karnataka,Regular,Male
CUST0292,Customer 0292,Chennai,Tamil Nadu,New,Male
CUST0293,Customer 0293,Hyderabad,Telangana,Premium,Female
CUST0294,Customer 0294,Ahmedabad,Gujarat,New,Male
CUST0295,Customer 0295,Kolkata,West Bengal,New,Male
CUST0296,Customer 0296,Lucknow,Uttar Pradesh,Premium,Male
CUST0297,Customer 0297,Indore,Madhya Pradesh,New,Male
CUST0298,Customer 0298,Gurugram,Haryana,New,Male
CUST0299,Customer 0299,Ludhiana,Punjab,Regular,Female
CUST0300,Customer 0300,Patna,Bihar,Premium,Female
CUST0301,Customer 0301,Jaipur,Rajasthan,Regular,Female
CUST0302,Customer 0302,Jodhpur,Rajasthan,Premium,Female
CUST0303,Customer 0303,New Delhi,Delhi,Premium,Female
CUST0304,Customer 0304,Mumbai,Maharashtra,Premium,Male
CUST0305,Customer 0305,Pune,Maharashtra,Regular,Male
CUST0306,Customer 0306,Bengaluru,Karnataka,Regular,Female
CUST0307,Customer 0307,Chennai,Tamil Nadu,Premium,Female
CUST0308,Customer 0308,Hyderabad,Telangana,New,Female
CUST0309,Customer 0309,Ahmedabad,Gujarat,Regular,Male
CUST0310,Customer 0310,Kolkata,West Bengal,New,Male
CUST0311,Customer 0311,Lucknow,Uttar Pradesh,Regular,Male
CUST0312,Customer 0312,Indore,Madhya Pradesh,Premium,Male
CUST0313,Customer 0313,Gurugram,Haryana,Premium,Male
CUST0314,Customer 0314,Ludhiana,Punjab,Regular,Male
CUST0315,Customer 0315,Patna,Bihar,Regular,Female
CUST0316,Customer 0316,Jaipur,Rajasthan,Premium,Female
CUST0317,Customer 0317,Jodhpur,Rajasthan,New,Male
CUST0318,Customer 0318,New Delhi,Delhi,New,Male
CUST0319,Customer 0319,Mumbai,Maharashtra,Regular,Female
CUST0320,Customer 0320,Pune,Maharashtra,Regular,Female
CUST0321,Customer 0321,Bengaluru,Karnataka,Regular,Female
CUST0322,Customer 0322,Chennai,Tamil Nadu,New,Male
CUST0323,Customer 0323,Hyderabad,Telangana,Regular,Female
CUST0324,Customer 0324,Ahmedabad,Gujarat,New,Male
CUST0325,Customer 0325,Kolkata,West Bengal,Regular,Male
CUST0326,Customer 0326,Lucknow,Uttar Pradesh,Regular,Female
CUST0327,Customer 0327,Indore,Madhya Pradesh,Regular,Male
CUST0328,Customer 0328,Gurugram,Haryana,Premium,Male
CUST0329,Customer 0329,Ludhiana,Punjab,Premium,Male
CUST0330,Customer 0330,Patna,Bihar,Regular,Male
CUST0331,Customer 0331,Jaipur,Rajasthan,New,Female
CUST0332,Customer 0332,Jodhpur,Rajasthan,New,Male
CUST0333,Customer 0333,New Delhi,Delhi,New,Female
CUST0334,Customer 0334,Mumbai,Maharashtra,Regular,Female
CUST0335,Customer 0335,Pune,Maharashtra,New,Male
CUST0336,Customer 0336,Bengaluru,Karnataka,New,Male
CUST0337,Customer 0337,Chennai,Tamil Nadu,Premium,Female
CUST0338,Customer 0338,Hyderabad,Telangana,Regular,Male
CUST0339,Customer 0339,Ahmedabad,Gujarat,Premium,Male
CUST0340,Customer 0340,Kolkata,West Bengal,New,Male
CUST0341,Customer 0341,Lucknow,Uttar Pradesh,New,Male
CUST0342,Customer 0342,Indore,Madhya Pradesh,New,Male
CUST0343,Customer 0343,Gurugram,Haryana,Regular,Male
CUST0344,Customer 0344,Ludhiana,Punjab,Regular,Female
CUST0345,Customer 0345,Patna,Bihar,Regular,Male
CUST0346,Customer 0346,Jaipur,Rajasthan,New,Female
CUST0347,Customer 0347,Jodhpur,Rajasthan,New,Male
CUST0348,Customer 0348,New Delhi,Delhi,Premium,Male
CUST0349,Customer 0349,Mumbai,Maharashtra,Regular,Male
CUST0350,Customer 0350,Pune,Maharashtra,Regular,Male
CUST0351,Customer 0351,Bengaluru,Karnataka,New,Male
CUST0352,Customer 0352,Chennai,Tamil Nadu,New,Female
CUST0353,Customer 0353,Hyderabad,Telangana,New,Male
CUST0354,Customer 0354,Ahmedabad,Gujarat,Regular,Female
CUST0355,Customer 0355,Kolkata,West Bengal,Regular,Male
CUST0356,Customer 0356,Lucknow,Uttar Pradesh,Premium,Female
CUST0357,Customer 0357,Indore,Madhya Pradesh,Regular,Female
CUST0358,Customer 0358,Gurugram,Haryana,Regular,Male
CUST0359,Customer 0359,Ludhiana,Punjab,Regular,Male
CUST0360,Customer 0360,Patna,Bihar,Regular,Female
CUST0361,Customer 0361,Jaipur,Rajasthan,Regular,Male
CUST0362,Customer 0362,Jodhpur,Rajasthan,New,Female
CUST0363,Customer 0363,New Delhi,Delhi,New,Male
CUST0364,Customer 0364,Mumbai,Maharashtra,New,Male
CUST0365,Customer 0365,Pune,Maharashtra,Regular,Male
CUST0366,Customer 0366,Bengaluru,Karnataka,New,Male
CUST0367,Customer 0367,Chennai,Tamil Nadu,New,Male
CUST0368,Customer 0368,Hyderabad,Telangana,New,Female
CUST0369,Customer 0369,Ahmedabad,Gujarat,New,Male
CUST0370,Customer 0370,Kolkata,West Bengal,Regular,Male
CUST0371,Customer 0371,Lucknow,Uttar Pradesh,New,Male
CUST0372,Customer 0372,Indore,Madhya Pradesh,Premium,Male
CUST0373,Customer 0373,Gurugram,Haryana,Regular,Male
CUST0374,Customer 0374,Ludhiana,Punjab,New,Male
CUST0375,Customer 0375,Patna,Bihar,Regular,Female
CUST0376,Customer 0376,Jaipur,Rajasthan,New,Male
CUST0377,Customer 0377,Jodhpur,Rajasthan,New,Male
CUST0378,Customer 0378,New Delhi,Delhi,Regular,Male
CUST0379,Customer 0379,Mumbai,Maharashtra,New,Female
CUST0380,Customer 0380,Pune,Maharashtra,New,Male
CUST0381,Customer 0381,Bengaluru,Karnataka,Regular,Male
CUST0382,Customer 0382,Chennai,Tamil Nadu,New,Male
CUST0383,Customer 0383,Hyderabad,Telangana,Premium,Male
CUST0384,Customer 0384,Ahmedabad,Gujarat,New,Male
CUST0385,Customer 0385,Kolkata,West Bengal,New,Female
CUST0386,Customer 0386,Lucknow,Uttar Pradesh,New,Male
CUST0387,Customer 0387,Indore,Madhya Pradesh,Regular,Female
CUST0388,Customer 0388,Gurugram,Haryana,New,Female
CUST0389,Customer 0389,Ludhiana,Punjab,Regular,Male
CUST0390,Customer 0390,Patna,Bihar,Regular,Female
CUST0391,Customer 0391,Jaipur,Rajasthan,New,Female
CUST0392,Customer 0392,Jodhpur,Rajasthan,Regular,Female
CUST0393,Customer 0393,New Delhi,Delhi,Premium,Male
CUST0394,Customer 0394,Mumbai,Maharashtra,Regular,Male
CUST0395,Customer 0395,Pune,Maharashtra,Regular,Female
CUST0396,Customer 0396,Bengaluru,Karnataka,New,Male
CUST0397,Customer 0397,Chennai,Tamil Nadu,New,Male
CUST0398,Customer 0398,Hyderabad,Telangana,New,Male
CUST0399,Customer 0399,Ahmedabad,Gujarat,New,Male
CUST0400,Customer 0400,Kolkata,West Bengal,Regular,Female
CUST0401,Customer 0401,Lucknow,Karnataka ,Regular,Male
CUST0402,Customer 0402,Indore,Madhya Pradesh,Premium,Male
CUST0403,Customer 0403,Gurugram,Haryana,New,Male
CUST0404,Customer 0404,Ludhiana,Punjab,Regular,Male
CUST0405,Customer 0405,Patna,Bihar,Regular,Female
CUST0406,Customer 0406,Jaipur,Rajasthan,New,Male
CUST0407,Customer 0407,Jodhpur,Rajasthan,Premium,Male
CUST0408,Customer 0408,New Delhi,Delhi,New,Female
CUST0409,Customer 0409,Mumbai,Maharashtra,Premium,Male
CUST0410,Customer 0410,Pune,Maharashtra,Regular,Male
CUST0411,Customer 0411,Bengaluru,Karnataka,New,Male
CUST0412,Customer 0412,Chennai,Tamil Nadu,New,Female
CUST0413,Customer 0413,Hyderabad,Telangana,Regular,Male
CUST0414,Customer 0414,Ahmedabad,Gujarat,Regular,Male
CUST0415,Customer 0415,Kolkata,West Bengal,Premium,Male
CUST0416,Customer 0416,Lucknow,Uttar Pradesh,Regular,Male
CUST0417,Customer 0417,Indore,Madhya Pradesh,Regular,Female
CUST0418,Customer 0418,Gurugram,Haryana,Regular,Male
CUST0419,Customer 0419,Ludhiana,Punjab,Regular,Female
CUST0420,Customer 0420,Patna,Bihar,Regular,Male
CUST0421,Customer 0421,Jaipur,Rajasthan,New,Female
CUST0422,Customer 0422,Jodhpur,Rajasthan,Regular,Male
CUST0423,Customer 0423,New Delhi,Delhi,New,Female
CUST0424,Customer 0424,Mumbai,Maharashtra,Regular,Female
CUST0425,Customer 0425,Pune,Maharashtra,New,Female
CUST0426,Customer 0426,Bengaluru,Karnataka,New,Male
CUST0427,Customer 0427,Chennai,Tamil Nadu,Premium,Female
CUST0428,Customer 0428,Hyderabad,Telangana,New,Male
CUST0429,Customer 0429,Ahmedabad,Gujarat,Regular,Female
CUST0430,Customer 0430,Kolkata,West Bengal,Regular,Male
CUST0431,Customer 0431,Lucknow,Uttar Pradesh,Regular,Female
CUST0432,Customer 0432,Indore,Madhya Pradesh,Regular,Male
CUST0433,Customer 0433,Gurugram,Haryana,New,Female
CUST0434,Customer 0434,Ludhiana,Punjab,Premium,Female
CUST0435,Customer 0435,Patna,Bihar,New,Male
CUST0436,Customer 0436,Jaipur,Rajasthan,Regular,Male
CUST0437,Customer 0437,Jodhpur,Rajasthan,Premium,Male
CUST0438,Customer 0438,New Delhi,Delhi,Regular,Female
CUST0439,Customer 0439,Mumbai,Maharashtra,Regular,Male
CUST0440,Customer 0440,Pune,Maharashtra,Regular,Male
CUST0441,Customer 0441,Bengaluru,Karnataka,Regular,Female
CUST0442,Customer 0442,Chennai,Tamil Nadu,Premium,Male
CUST0443,Customer 0443,Hyderabad,Telangana,New,Male
CUST0444,Customer 0444,Ahmedabad,Gujarat,Regular,Male
CUST0445,Customer 0445,Kolkata,West Bengal,New,Female
CUST0446,Customer 0446,Lucknow,Uttar Pradesh,New,Female
CUST0447,Customer 0447,Indore,Madhya Pradesh,New,Male
CUST0448,Customer 0448,Gurugram,Haryana,Regular,Female
CUST0449,Customer 0449,Ludhiana,Punjab,New,Male
CUST0450,Customer 0450,Patna,Bihar,New,Male
CUST0451,Customer 0451,Jaipur,Rajasthan,Regular,Male
CUST0452,Customer 0452,Jodhpur,Rajasthan,New,Male
CUST0453,Customer 0453,New Delhi,Delhi,Premium,Female
CUST0454,Customer 0454,Mumbai,Maharashtra,Regular,Male
CUST0455,Customer 0455,Pune,Maharashtra,New,Male
CUST0456,Customer 0456,Bengaluru,Karnataka,Regular,Female
CUST0457,Customer 0457,Chennai,Tamil Nadu,Premium,Female
CUST0458,Customer 0458,Hyderabad,Telangana,Premium,Female
CUST0459,Customer 0459,Ahmedabad,Gujarat,New,Male
CUST0460,Customer 0460,Kolkata,West Bengal,New,Male
CUST0461,Customer 0461,Lucknow,Uttar Pradesh,New,Female
CUST0462,Customer 0462,Indore,Madhya Pradesh,Regular,Male
CUST0463,Customer 0463,Gurugram,Haryana,New,Male
CUST0464,Customer 0464,Ludhiana,Punjab,New,Female
CUST0465,Customer 0465,Patna,Bihar,Regular,Female
CUST0466,Customer 0466,Jaipur,Rajasthan,New,Male
CUST0467,Customer 0467,Jodhpur,Rajasthan,Regular,Female
CUST0468,Customer 0468,New Delhi,Delhi,Regular,Male
CUST0469,Customer 0469,Mumbai,Maharashtra,Premium,Male
CUST0470,Customer 0470,Pune,Maharashtra,Premium,Male
CUST0471,Customer 0471,Bengaluru,Karnataka,New,Female
CUST0472,Customer 0472,Chennai,Tamil Nadu,New,Male
CUST0473,Customer 0473,Hyderabad,Telangana,Regular,Male
CUST0474,Customer 0474,Ahmedabad,Gujarat,Regular,Female
CUST0475,Customer 0475,Kolkata,West Bengal,Premium,Male
CUST0476,Customer 0476,Lucknow,Uttar Pradesh,Regular,Male
CUST0477,Customer 0477,Indore,Madhya Pradesh,New,Male
CUST0478,Customer 0478,Gurugram,Haryana,Premium,Female
CUST0479,Customer 0479,Ludhiana,Punjab,Regular,Male
CUST0480,Customer 0480,Patna,Bihar,Regular,Male
CUST0481,Customer 0481,Jaipur,Rajasthan,Regular,Male
CUST0482,Customer 0482,Jodhpur,Rajasthan,New,Male
CUST0483,Customer 0483,New Delhi,Delhi,Premium,Male
CUST0484,Customer 0484,Mumbai,Maharashtra,Premium,Male
CUST0485,Customer 0485,Pune,Maharashtra,Regular,Male
CUST0486,Customer 0486,Bengaluru,Karnataka,New,Male
CUST0487,Customer 0487,Chennai,Tamil Nadu,New,Female
CUST0488,Customer 0488,Hyderabad,Telangana,New,Female
CUST0489,Customer 0489,Ahmedabad,Gujarat,Regular,Male
CUST0490,Customer 0490,Kolkata,West Bengal,Regular,Male
CUST0491,Customer 0491,Lucknow,Uttar Pradesh,Premium,Female
CUST0492,Customer 0492,Indore,Madhya Pradesh,Regular,Male
CUST0493,Customer 0493,Gurugram,Haryana,New,Female
CUST0494,Customer 0494,Ludhiana,Punjab,New,Male
CUST0495,Customer 0495,Patna,Bihar,New,Female
CUST0496,Customer 0496,Jaipur,Rajasthan,Regular,Female
CUST0497,Customer 0497,Jodhpur,Rajasthan,Regular,Male
CUST0498,Customer 0498,New Delhi,Delhi,Premium,Male
CUST0499,Customer 0499,Mumbai,Maharashtra,Regular,Male
CUST0500,Customer 0500,Pune,Maharashtra,Premium,Male
CUST0501,Customer 0501,Bengaluru,Karnataka,New,Male
CUST0502,Customer 0502,Chennai,Tamil Nadu,New,Male
CUST0503,Customer 0503,Hyderabad,Telangana,Regular,Male
CUST0504,Customer 0504,Ahmedabad,Gujarat,Premium,Male
CUST0505,Customer 0505,Kolkata,West Bengal,Regular,Male
CUST0506,Customer 0506,Lucknow,Uttar Pradesh,Regular,Male
CUST0507,Customer 0507,Indore,Madhya Pradesh,Regular,Female
CUST0508,Customer 0508,Gurugram,Haryana,New,Male
CUST0509,Customer 0509,Ludhiana,Punjab,Regular,Female
CUST0510,Customer 0510,Patna,Bihar,New,Male
CUST0511,Customer 0511,Jaipur,Rajasthan,Premium,Female
CUST0512,Customer 0512,Jodhpur,Rajasthan,Premium,Male
CUST0513,Customer 0513,New Delhi,Delhi,Regular,Male
CUST0514,Customer 0514,Mumbai,Maharashtra,Premium,Male
CUST0515,Customer 0515,Pune,Maharashtra,Regular,Male
CUST0516,Customer 0516,Bengaluru,Karnataka,Regular,Female
CUST0517,Customer 0517,Chennai,Tamil Nadu,Regular,Female
CUST0518,Customer 0518,Hyderabad,Telangana,Regular,Female
CUST0519,Customer 0519,Ahmedabad,Gujarat,New,Male
CUST0520,Customer 0520,Kolkata,West Bengal,Regular,Male
CUST0521,Customer 0521,Lucknow,Uttar Pradesh,New,Female
CUST0522,Customer 0522,Indore,Madhya Pradesh,Regular,Female
CUST0523,Customer 0523,Gurugram,Haryana,New,Male
CUST0524,Customer 0524,Ludhiana,Punjab,New,Female
CUST0525,Customer 0525,Patna,Bihar,Premium,Male
CUST0526,Customer 0526,Jaipur,Rajasthan,Regular,Male
CUST0527,Customer 0527,Jodhpur,Rajasthan,New,Male
CUST0528,Customer 0528,New Delhi,Delhi,New,Female
CUST0529,Customer 0529,Mumbai,Maharashtra,Premium,Male
CUST0530,Customer 0530,Pune,Maharashtra,Regular,Female
CUST0531,Customer 0531,Bengaluru,Karnataka,Premium,Female
CUST0532,Customer 0532,Chennai,Tamil Nadu,New,Female
CUST0533,Customer 0533,Hyderabad,Telangana,New,Female
CUST0534,Customer 0534,Ahmedabad,Gujarat,Regular,Female
CUST0535,Customer 0535,Kolkata,West Bengal,New,Male
CUST0536,Customer 0536,Lucknow,Uttar Pradesh,Premium,Female
CUST0537,Customer 0537,Indore,Madhya Pradesh,Regular,Female
CUST0538,Customer 0538,Gurugram,Haryana,Premium,Male
CUST0539,Customer 0539,Ludhiana,Punjab,Regular,Male
CUST0540,Customer 0540,Patna,Bihar,Regular,Male
CUST0541,Customer 0541,Jaipur,Rajasthan,New,Female
CUST0542,Customer 0542,Jodhpur,Rajasthan,Premium,Female
CUST0543,Customer 0543,New Delhi,Delhi,Premium,Female
CUST0544,Customer 0544,Mumbai,Maharashtra,Regular,Female
CUST0545,Customer 0545,Pune,Maharashtra,Regular,Male
CUST0546,Customer 0546,Bengaluru,Karnataka,New,Female
CUST0547,Customer 0547,Chennai,Tamil Nadu,New,Male
CUST0548,Customer 0548,Hyderabad,Telangana,Regular,Male
CUST0549,Customer 0549,Ahmedabad,Gujarat,New,Female
CUST0550,Customer 0550,Kolkata,West Bengal,Premium,Male
CUST0551,Customer 0551,Lucknow,Uttar Pradesh,New,Male
CUST0552,Customer 0552,Indore,Madhya Pradesh,Regular,Female
CUST0553,Customer 0553,Gurugram,Haryana,New,Female
CUST0554,Customer 0554,Ludhiana,Punjab,New,Male
CUST0555,Customer 0555,Patna,Bihar,Premium,Male
CUST0556,Customer 0556,Jaipur,Rajasthan,New,Male
CUST0557,Customer 0557,Jodhpur,Rajasthan,Regular,Female
CUST0558,Customer 0558,New Delhi,Delhi,Premium,Male
CUST0559,Customer 0559,Mumbai,Maharashtra,New,Female
CUST0560,Customer 0560,Pune,Maharashtra,New,Female
CUST0561,Customer 0561,Bengaluru,Karnataka,Regular,Male
CUST0562,Customer 0562,Chennai,Tamil Nadu,Regular,Male
CUST0563,Customer 0563,Hyderabad,Telangana,Regular,Male
CUST0564,Customer 0564,Ahmedabad,Gujarat,Regular,Female
CUST0565,Customer 0565,Kolkata,West Bengal,Regular,Female
CUST0566,Customer 0566,Lucknow,Uttar Pradesh,Premium,Male
CUST0567,Customer 0567,Indore,Madhya Pradesh,New,Female
CUST0568,Customer 0568,Gurugram,Haryana,Premium,Male
CUST0569,Customer 0569,Ludhiana,Punjab,Regular,Male
CUST0570,Customer 0570,Patna,Bihar,New,Female
CUST0571,Customer 0571,Jaipur,Rajasthan,Regular,Female
CUST0572,Customer 0572,Jodhpur,Rajasthan,Regular,Female
CUST0573,Customer 0573,New Delhi,Delhi,Regular,Male
CUST0574,Customer 0574,Mumbai,Maharashtra,Regular,Female
CUST0575,Customer 0575,Pune,Maharashtra,Regular,Female
CUST0576,Customer 0576,Bengaluru,Karnataka,New,Female
CUST0577,Customer 0577,Chennai,Tamil Nadu,New,Male
CUST0578,Customer 0578,Hyderabad,Telangana,Regular,Male
CUST0579,Customer 0579,Ahmedabad,Gujarat,New,Male
CUST0580,Customer 0580,Kolkata,West Bengal,Regular,Female
CUST0581,Customer 0581,Lucknow,Uttar Pradesh,New,Female
CUST0582,Customer 0582,Indore,Madhya Pradesh,Regular,Male
CUST0583,Customer 0583,Gurugram,Haryana,New,Female
CUST0584,Customer 0584,Ludhiana,Punjab,Regular,Male
CUST0585,Customer 0585,Patna,Bihar,Regular,Male
CUST0586,Customer 0586,Jaipur,Rajasthan,Regular,Female
CUST0587,Customer 0587,Jodhpur,Rajasthan,New,Female
CUST0588,Customer 0588,New Delhi,Delhi,Regular,Female
CUST0589,Customer 0589,Mumbai,Maharashtra,Regular,Male
CUST0590,Customer 0590,Pune,Maharashtra,New,Male
CUST0591,Customer 0591,Bengaluru,Karnataka,Regular,Male
CUST0592,Customer 0592,Chennai,Tamil Nadu,New,Male
CUST0593,Customer 0593,Hyderabad,Telangana,New,Female
CUST0594,Customer 0594,Ahmedabad,Gujarat,Regular,Female
CUST0595,Customer 0595,Kolkata,West Bengal,New,Female
CUST0596,Customer 0596,Lucknow,Uttar Pradesh,Regular,Male
CUST0597,Customer 0597,Indore,Madhya Pradesh,Premium,Female
CUST0598,Customer 0598,Gurugram,Haryana,Premium,Male
CUST0599,Customer 0599,Ludhiana,Punjab,New,Female
CUST0600,Customer 0600,Patna,Bihar,New,Female
CUST0601,Customer 0601,Jaipur,Rajasthan,Regular,Male
CUST0602,Customer 0602,Jodhpur,Rajasthan,Regular,Female
CUST0603,Customer 0603,New Delhi,Delhi,New,Male
CUST0604,Customer 0604,Mumbai,Maharashtra,Regular,Male
CUST0605,Customer 0605,Pune,Maharashtra,New,Male
CUST0606,Customer 0606,Bengaluru,Karnataka,Regular,Female
CUST0607,Customer 0607,Chennai,Tamil Nadu,Regular,Male
CUST0608,Customer 0608,Hyderabad,Telangana,New,Male
CUST0609,Customer 0609,Ahmedabad,Gujarat,New,Male
CUST0610,Customer 0610,Kolkata,West Bengal,Regular,Male
CUST0611,Customer 0611,Lucknow,Uttar Pradesh,New,Male
CUST0612,Customer 0612,Indore,Madhya Pradesh,Premium,Female
CUST0613,Customer 0613,Gurugram,Haryana,New,Female
CUST0614,Customer 0614,Ludhiana,Punjab,Regular,Male
CUST0615,Customer 0615,Patna,Bihar,Premium,Male
CUST0616,Customer 0616,Jaipur,Rajasthan,New,Male
CUST0617,Customer 0617,Jodhpur,Rajasthan,New,Female
CUST0618,Customer 0618,New Delhi,Delhi,New,Male
CUST0619,Customer 0619,Mumbai,Maharashtra,New,Male
CUST0620,Customer 0620,Pune,Maharashtra,New,Male
CUST0621,Customer 0621,Bengaluru,Karnataka,Premium,Male
CUST0622,Customer 0622,Chennai,Tamil Nadu,Regular,Male
CUST0623,Customer 0623,Hyderabad,Telangana,Regular,Male
CUST0624,Customer 0624,Ahmedabad,Gujarat,Regular,Male
CUST0625,Customer 0625,Kolkata,West Bengal,Premium,Female
CUST0626,Customer 0626,Lucknow,Uttar Pradesh,New,Male
CUST0627,Customer 0627,Indore,Madhya Pradesh,New,Female
CUST0628,Customer 0628,Gurugram,Haryana,New,Female
CUST0629,Customer 0629,Ludhiana,Punjab,Regular,Female
CUST0630,Customer 0630,Patna,Bihar,Regular,Female
CUST0631,Customer 0631,Jaipur,Rajasthan,New,Male
CUST0632,Customer 0632,Jodhpur,Rajasthan,New,Female
CUST0633,Customer 0633,New Delhi,Delhi,Regular,Female
CUST0634,Customer 0634,Mumbai,Maharashtra,New,Female
CUST0635,Customer 0635,Pune,Maharashtra,Regular,Male
CUST0636,Customer 0636,Bengaluru,Karnataka,Premium,Male
CUST0637,Customer 0637,Chennai,Tamil Nadu,Regular,Male
CUST0638,Customer 0638,Hyderabad,Telangana,New,Male
CUST0639,Customer 0639,Ahmedabad,Gujarat,New,Male
CUST0640,Customer 0640,Kolkata,West Bengal,Premium,Male
CUST0641,Customer 0641,Lucknow,Uttar Pradesh,Regular,Male
CUST0642,Customer 0642,Indore,Madhya Pradesh,Regular,Female
CUST0643,Customer 0643,Gurugram,Haryana,Premium,Female
CUST0644,Customer 0644,Ludhiana,Punjab,Regular,Male
CUST0645,Customer 0645,Patna,Bihar,Regular,Male
CUST0646,Customer 0646,Jaipur,Rajasthan,Regular,Female
CUST0647,Customer 0647,Jodhpur,Rajasthan,Regular,Male
CUST0648,Customer 0648,New Delhi,Delhi,New,Male
CUST0649,Customer 0649,Mumbai,Maharashtra,New,Male
CUST0650,Customer 0650,Pune,Maharashtra,Regular,Male
CUST0651,Customer 0651,Bengaluru,Karnataka,New,Male
CUST0652,Customer 0652,Chennai,Tamil Nadu,Regular,Male
CUST0653,Customer 0653,Hyderabad,Telangana,Regular,Female
CUST0654,Customer 0654,Ahmedabad,Gujarat,Regular,Female
CUST0655,Customer 0655,Kolkata,West Bengal,New,Female
CUST0656,Customer 0656,Lucknow,Uttar Pradesh,Regular,Female
CUST0657,Customer 0657,Indore,Madhya Pradesh,Regular,Male
CUST0658,Customer 0658,Gurugram,Haryana,New,Female
CUST0659,Customer 0659,Ludhiana,Punjab,Regular,Male
CUST0660,Customer 0660,Patna,Bihar,Regular,Female
CUST0661,Customer 0661,Jaipur,Rajasthan,Regular,Male
CUST0662,Customer 0662,Jodhpur,Rajasthan,New,Female
CUST0663,Customer 0663,New Delhi,Delhi,New,Female
CUST0664,Customer 0664,Mumbai,Maharashtra,Regular,Male
CUST0665,Customer 0665,Pune,Maharashtra,New,Male
CUST0666,Customer 0666,Bengaluru,Karnataka,Regular,Male
CUST0667,Customer 0667,Chennai,Tamil Nadu,Regular,Female
CUST0668,Customer 0668,Hyderabad,Telangana,Premium,Female
CUST0669,Customer 0669,Ahmedabad,Gujarat,New,Male
CUST0670,Customer 0670,Kolkata,West Bengal,Premium,Male
CUST0671,Customer 0671,Lucknow,Uttar Pradesh,New,Female
CUST0672,Customer 0672,Indore,Madhya Pradesh,Regular,Male
CUST0673,Customer 0673,Gurugram,Haryana,Premium,Female
CUST0674,Customer 0674,Ludhiana,Punjab,Regular,Male
CUST0675,Customer 0675,Patna,Bihar,Regular,Male
CUST0676,Customer 0676,Jaipur,Rajasthan,Regular,Female
CUST0677,Customer 0677,Jodhpur,Rajasthan,New,Male
CUST0678,Customer 0678,New Delhi,Delhi,Premium,Male
CUST0679,Customer 0679,Mumbai,Maharashtra,Regular,Male
CUST0680,Customer 0680,Pune,Maharashtra,Regular,Male
CUST0681,Customer 0681,Bengaluru,Karnataka,Regular,Male
CUST0682,Customer 0682,Chennai,Tamil Nadu,Regular,Male
CUST0683,Customer 0683,Hyderabad,Telangana,Regular,Male
CUST0684,Customer 0684,Ahmedabad,Gujarat,New,Male
CUST0685,Customer 0685,Kolkata,West Bengal,New,Male
CUST0686,Customer 0686,Lucknow,Uttar Pradesh,New,Female
CUST0687,Customer 0687,Indore,Madhya Pradesh,Regular,Female
CUST0688,Customer 0688,Gurugram,Haryana,Premium,Male
CUST0689,Customer 0689,Ludhiana,Punjab,Regular,Female
CUST0690,Customer 0690,Patna,Bihar,Regular,Male
CUST0691,Customer 0691,Jaipur,Rajasthan,Regular,Male
CUST0692,Customer 0692,Jodhpur,Rajasthan,Regular,Female
CUST0693,Customer 0693,New Delhi,Delhi,Premium,Male
CUST0694,Customer 0694,Mumbai,Maharashtra,Regular,Male
CUST0695,Customer 0695,Pune,Maharashtra,Premium,Male
CUST0696,Customer 0696,Bengaluru,Karnataka,Premium,Female
CUST0697,Customer 0697,Chennai,Tamil Nadu,New,Male
CUST0698,Customer 0698,Hyderabad,Telangana,Regular,Male
CUST0699,Customer 0699,Ahmedabad,Gujarat,Regular,Female
CUST0700,Customer 0700,Kolkata,West Bengal,Regular,Male
CUST0701,Customer 0701,Lucknow,Uttar Pradesh,Regular,Male
CUST0702,Customer 0702,Indore,Madhya Pradesh,Premium,Male
CUST0703,Customer 0703,Gurugram,Haryana,New,Male
CUST0704,Customer 0704,Ludhiana,Punjab,Premium,Male
CUST0705,Customer 0705,Patna,Bihar,Premium,Female
CUST0706,Customer 0706,Jaipur,Rajasthan,Regular,Female
CUST0707,Customer 0707,Jodhpur,Rajasthan,Regular,Female
CUST0708,Customer 0708,New Delhi,Delhi,New,Female
CUST0709,Customer 0709,Mumbai,Maharashtra,Regular,Male
CUST0710,Customer 0710,Pune,Maharashtra,Premium,Female
CUST0711,Customer 0711,Bengaluru,Karnataka,Regular,Male
CUST0712,Customer 0712,Chennai,Tamil Nadu,Regular,Male
CUST0713,Customer 0713,Hyderabad,Telangana,Regular,Male
CUST0714,Customer 0714,Ahmedabad,Gujarat,New,Male
CUST0715,Customer 0715,Kolkata,West Bengal,Regular,Male
CUST0716,Customer 0716,Lucknow,Uttar Pradesh,Premium,Female
CUST0717,Customer 0717,Indore,Madhya Pradesh,New,Male
CUST0718,Customer 0718,Gurugram,Haryana,New,Female
CUST0719,Customer 0719,Ludhiana,Punjab,New,Male
CUST0720,Customer 0720,Patna,Bihar,Premium,Female
CUST0721,Customer 0721,Jaipur,Rajasthan,New,Male
CUST0722,Customer 0722,Jodhpur,Rajasthan,New,Male
CUST0723,Customer 0723,New Delhi,Delhi,New,Male
CUST0724,Customer 0724,Mumbai,Maharashtra,Premium,Male
CUST0725,Customer 0725,Pune,Maharashtra,Regular,Male
CUST0726,Customer 0726,Bengaluru,Karnataka,Regular,Female
CUST0727,Customer 0727,Chennai,Tamil Nadu,Premium,Female
CUST0728,Customer 0728,Hyderabad,Telangana,New,Male
CUST0729,Customer 0729,Ahmedabad,Gujarat,New,Male
CUST0730,Customer 0730,Kolkata,West Bengal,Premium,Male
CUST0731,Customer 0731,Lucknow,Uttar Pradesh,Regular,Male
CUST0732,Customer 0732,Indore,Madhya Pradesh,New,Male
CUST0733,Customer 0733,Gurugram,Haryana,Regular,Female
CUST0734,Customer 0734,Ludhiana,Punjab,Regular,Male
CUST0735,Customer 0735,Patna,Bihar,Regular,Male
CUST0736,Customer 0736,Jaipur,Rajasthan,Premium,Male
CUST0737,Customer 0737,Jodhpur,Rajasthan,New,Male
CUST0738,Customer 0738,New Delhi,Delhi,Regular,Male
CUST0739,Customer 0739,Mumbai,Maharashtra,Regular,Female
CUST0740,Customer 0740,Pune,Maharashtra,Regular,Male
CUST0741,Customer 0741,Bengaluru,Karnataka,Regular,Male
CUST0742,Customer 0742,Chennai,Tamil Nadu,Regular,Male
CUST0743,Customer 0743,Hyderabad,Telangana,Regular,Male
CUST0744,Customer 0744,Ahmedabad,Gujarat,Premium,Male
CUST0745,Customer 0745,Kolkata,West Bengal,Premium,Male
CUST0746,Customer 0746,Lucknow,Uttar Pradesh,New,Female
CUST0747,Customer 0747,Indore,Madhya Pradesh,Regular,Female
CUST0748,Customer 0748,Gurugram,Haryana,Regular,Female
CUST0749,Customer 0749,Ludhiana,Punjab,Premium,Female
CUST0750,Customer 0750,Patna,Bihar,New,Female
CUST0751,Customer 0751,Jaipur,Rajasthan,Regular,Female
CUST0752,Customer 0752,Jodhpur,Rajasthan,Regular,Male
CUST0753,Customer 0753,New Delhi,Delhi,Regular,Male
CUST0754,Customer 0754,Mumbai,Maharashtra,Regular,Male
CUST0755,Customer 0755,Pune,Maharashtra,New,Female
CUST0756,Customer 0756,Bengaluru,Karnataka,New,Male
CUST0757,Customer 0757,Chennai,Tamil Nadu,Regular,Female
CUST0758,Customer 0758,Hyderabad,Telangana,Premium,Male
CUST0759,Customer 0759,Ahmedabad,Gujarat,New,Female
CUST0760,Customer 0760,Kolkata,West Bengal,New,Male
CUST0761,Customer 0761,Lucknow,Uttar Pradesh,New,Male
CUST0762,Customer 0762,Indore,Madhya Pradesh,Premium,Female
CUST0763,Customer 0763,Gurugram,Haryana,Regular,Male
CUST0764,Customer 0764,Ludhiana,Punjab,Regular,Male
CUST0765,Customer 0765,Patna,Bihar,New,Male
CUST0766,Customer 0766,Jaipur,Rajasthan,New,Male
CUST0767,Customer 0767,Jodhpur,Rajasthan,Regular,Female
CUST0768,Customer 0768,New Delhi,Delhi,New,Male
CUST0769,Customer 0769,Mumbai,Maharashtra,Regular,Female
CUST0770,Customer 0770,Pune,Maharashtra,Regular,Male
CUST0771,Customer 0771,Bengaluru,Karnataka,Regular,Male
CUST0772,Customer 0772,Chennai,Tamil Nadu,Regular,Male
CUST0773,Customer 0773,Hyderabad,Telangana,Regular,Male
CUST0774,Customer 0774,Ahmedabad,Gujarat,New,Female
CUST0775,Customer 0775,Kolkata,West Bengal,New,Male
CUST0776,Customer 0776,Lucknow,Uttar Pradesh,New,Male
CUST0777,Customer 0777,Indore,Madhya Pradesh,New,Male
CUST0778,Customer 0778,Gurugram,Haryana,New,Female
CUST0779,Customer 0779,Ludhiana,Punjab,Premium,Male
CUST0780,Customer 0780,Patna,Bihar,Regular,Female
CUST0781,Customer 0781,Jaipur,Rajasthan,Premium,Female
CUST0782,Customer 0782,Jodhpur,Rajasthan,Premium,Female
CUST0783,Customer 0783,New Delhi,Delhi,Regular,Male
CUST0784,Customer 0784,Mumbai,Maharashtra,New,Male
CUST0785,Customer 0785,Pune,Maharashtra,Regular,Male
CUST0786,Customer 0786,Bengaluru,Karnataka,Regular,Male
CUST0787,Customer 0787,Chennai,Tamil Nadu,Regular,Female
CUST0788,Customer 0788,Hyderabad,Telangana,New,Male
CUST0789,Customer 0789,Ahmedabad,Gujarat,Regular,Female
CUST0790,Customer 0790,Kolkata,West Bengal,Premium,Female
CUST0791,Customer 0791,Lucknow,Uttar Pradesh,Premium,Male
CUST0792,Customer 0792,Indore,Madhya Pradesh,Regular,Male
CUST0793,Customer 0793,Gurugram,Haryana,Regular,Female
CUST0794,Customer 0794,Ludhiana,Punjab,New,Male
CUST0795,Customer 0795,Patna,Bihar,New,Male
CUST0796,Customer 0796,Jaipur,Rajasthan,New,Male
CUST0797,Customer 0797,Jodhpur,Rajasthan,Premium,Male
CUST0798,Customer 0798,New Delhi,Delhi,Regular,Female
CUST0799,Customer 0799,Mumbai,Maharashtra,New,Male
CUST0800,Customer 0800,Pune,Maharashtra,Regular,Male
CUST0801,Customer 0801,Bengaluru,Karnataka,Premium,Male
CUST0802,Customer 0802,Chennai,Tamil Nadu,Regular,Female
CUST0803,Customer 0803,Hyderabad,Telangana,New,Male
CUST0804,Customer 0804,Ahmedabad,Gujarat,Premium,Male
CUST0805,Customer 0805,Kolkata,West Bengal,Regular,Male
CUST0806,Customer 0806,Lucknow,Uttar Pradesh,New,Female
CUST0807,Customer 0807,Indore,Madhya Pradesh,Regular,Male
CUST0808,Customer 0808,Gurugram,Haryana,Regular,Male
CUST0809,Customer 0809,Ludhiana,Punjab,New,Male
CUST0810,Customer 0810,Patna,Bihar,Premium,Male
CUST0811,Customer 0811,Jaipur,Rajasthan,New,Male
CUST0812,Customer 0812,Jodhpur,Rajasthan,Regular,Male
CUST0813,Customer 0813,New Delhi,Delhi,Regular,Female
CUST0814,Customer 0814,Mumbai,Maharashtra,Regular,Male
CUST0815,Customer 0815,Pune,Maharashtra,New,Male
CUST0816,Customer 0816,Bengaluru,Karnataka,Regular,Female
CUST0817,Customer 0817,Chennai,Tamil Nadu,Regular,Female
CUST0818,Customer 0818,Hyderabad,Telangana,Premium,Male
CUST0819,Customer 0819,Ahmedabad,Gujarat,Regular,Female
CUST0820,Customer 0820,Kolkata,West Bengal,New,Female
CUST0821,Customer 0821,Lucknow,Uttar Pradesh,Regular,Male
CUST0822,Customer 0822,Indore,Madhya Pradesh,Regular,Male
CUST0823,Customer 0823,Gurugram,Haryana,New,Male
CUST0824,Customer 0824,Ludhiana,Punjab,New,Female
CUST0825,Customer 0825,Patna,Bihar,Premium,Female
CUST0826,Customer 0826,Jaipur,Rajasthan,New,Male
CUST0827,Customer 0827,Jodhpur,Rajasthan,New,Male
CUST0828,Customer 0828,New Delhi,Delhi,Premium,Male
CUST0829,Customer 0829,Mumbai,Maharashtra,New,Female
CUST0830,Customer 0830,Pune,Maharashtra,Regular,Male
CUST0831,Customer 0831,Bengaluru,Karnataka,New,Female
CUST0832,Customer 0832,Chennai,Tamil Nadu,Regular,Male
CUST0833,Customer 0833,Hyderabad,Telangana,Premium,Female
CUST0834,Customer 0834,Ahmedabad,Gujarat,Regular,Male
CUST0835,Customer 0835,Kolkata,West Bengal,New,Female
CUST0836,Customer 0836,Lucknow,Uttar Pradesh,New,Female
CUST0837,Customer 0837,Indore,Madhya Pradesh,Regular,Male
CUST0838,Customer 0838,Gurugram,Haryana,Regular,Female
CUST0839,Customer 0839,Ludhiana,Punjab,Regular,Male
CUST0840,Customer 0840,Patna,Bihar,Premium,Male
CUST0841,Customer 0841,Jaipur,Rajasthan,Regular,Female
CUST0842,Customer 0842,Jodhpur,Rajasthan,Regular,Male
CUST0843,Customer 0843,New Delhi,Delhi,New,Male
CUST0844,Customer 0844,Mumbai,Maharashtra,Regular,Male
CUST0845,Customer 0845,Pune,Maharashtra,Regular,Male
CUST0846,Customer 0846,Bengaluru,Karnataka,Regular,Female
CUST0847,Customer 0847,Chennai,Tamil Nadu,New,Female
CUST0848,Customer 0848,Hyderabad,Telangana,Regular,Male
CUST0849,Customer 0849,Ahmedabad,Gujarat,New,Female
CUST0850,Customer 0850,Kolkata,West Bengal,Premium,Female
CUST0851,Customer 0851,Lucknow,Uttar Pradesh,Premium,Female
CUST0852,Customer 0852,Indore,Madhya Pradesh,Regular,Female
CUST0853,Customer 0853,Gurugram,Haryana,Regular,Female
CUST0854,Customer 0854,Ludhiana,Punjab,New,Male
CUST0855,Customer 0855,Patna,Bihar,Premium,Male
CUST0856,Customer 0856,Jaipur,Rajasthan,Regular,Male
CUST0857,Customer 0857,Jodhpur,Rajasthan,Premium,Female
CUST0858,Customer 0858,New Delhi,Delhi,New,Female
CUST0859,Customer 0859,Mumbai,Maharashtra,New,Female
CUST0860,Customer 0860,Pune,Maharashtra,Regular,Female
CUST0861,Customer 0861,Bengaluru,Karnataka,New,Male
CUST0862,Customer 0862,Chennai,Tamil Nadu,Regular,Male
CUST0863,Customer 0863,Hyderabad,Telangana,Regular,Male
CUST0864,Customer 0864,Ahmedabad,Gujarat,New,Female
CUST0865,Customer 0865,Kolkata,West Bengal,New,Male
CUST0866,Customer 0866,Lucknow,Uttar Pradesh,Premium,Male
CUST0867,Customer 0867,Indore,Madhya Pradesh,Regular,Male
CUST0868,Customer 0868,Gurugram,Haryana,Premium,Female
CUST0869,Customer 0869,Ludhiana,Punjab,Premium,Male
CUST0870,Customer 0870,Patna,Bihar,Regular,Female
CUST0871,Customer 0871,Jaipur,Rajasthan,New,Male
CUST0872,Customer 0872,Jodhpur,Rajasthan,New,Female
CUST0873,Customer 0873,New Delhi,Delhi,Regular,Female
CUST0874,Customer 0874,Mumbai,Maharashtra,Regular,Male
CUST0875,Customer 0875,Pune,Maharashtra,Regular,Male
CUST0876,Customer 0876,Bengaluru,Karnataka,Regular,Male
CUST0877,Customer 0877,Chennai,Tamil Nadu,Premium,Female
CUST0878,Customer 0878,Hyderabad,Telangana,New,Male
CUST0879,Customer 0879,Ahmedabad,Gujarat,New,Female
CUST0880,Customer 0880,Kolkata,West Bengal,Premium,Female
CUST0881,Customer 0881,Lucknow,Uttar Pradesh,New,Male
CUST0882,Customer 0882,Indore,Madhya Pradesh,New,Male
CUST0883,Customer 0883,Gurugram,Haryana,New,Male
CUST0884,Customer 0884,Ludhiana,Punjab,Premium,Male
CUST0885,Customer 0885,Patna,Bihar,New,Female
CUST0886,Customer 0886,Jaipur,Rajasthan,Regular,Female
CUST0887,Customer 0887,Jodhpur,Rajasthan,Regular,Female
CUST0888,Customer 0888,New Delhi,Delhi,Regular,Male
CUST0889,Customer 0889,Mumbai,Maharashtra,Regular,Male
CUST0890,Customer 0890,Pune,Maharashtra,New,Male
CUST0891,Customer 0891,Bengaluru,Karnataka,New,Female
CUST0892,Customer 0892,Chennai,Tamil Nadu,New,Male
CUST0893,Customer 0893,Hyderabad,Telangana,New,Female
CUST0894,Customer 0894,Ahmedabad,Gujarat,New,Female
CUST0895,Customer 0895,Kolkata,West Bengal,Premium,Male
CUST0896,Customer 0896,Lucknow,Uttar Pradesh,Regular,Male
CUST0897,Customer 0897,Indore,Madhya Pradesh,New,Female
CUST0898,Customer 0898,Gurugram,Haryana,Premium,Male
CUST0899,Customer 0899,Ludhiana,Punjab,Regular,Male
CUST0900,Customer 0900,Patna,Bihar,Regular,Female
CUST0901,Customer 0901,Jaipur,Rajasthan,Regular,Female
CUST0902,Customer 0902,Jodhpur,Rajasthan,New,Female
CUST0903,Customer 0903,New Delhi,Delhi,Regular,Female
CUST0904,Customer 0904,Mumbai,Maharashtra,New,Male
CUST0905,Customer 0905,Pune,Maharashtra,Regular,Male
CUST0906,Customer 0906,Bengaluru,Karnataka,New,Male
CUST0907,Customer 0907,Chennai,Tamil Nadu,Regular,Male
CUST0908,Customer 0908,Hyderabad,Telangana,Regular,Male
CUST0909,Customer 0909,Ahmedabad,Gujarat,Regular,Male
CUST0910,Customer 0910,Kolkata,West Bengal,Regular,Female
CUST0911,Customer 0911,Lucknow,Uttar Pradesh,Premium,Male
CUST0912,Customer 0912,Indore,Madhya Pradesh,Regular,Female
CUST0913,Customer 0913,Gurugram,Haryana,Regular,Male
CUST0914,Customer 0914,Ludhiana,Punjab,Regular,Male
CUST0915,Customer 0915,Patna,Bihar,Premium,Male
CUST0916,Customer 0916,Jaipur,Rajasthan,Regular,Female
CUST0917,Customer 0917,Jodhpur,Rajasthan,Regular,Male
CUST0918,Customer 0918,New Delhi,Delhi,New,Male
CUST0919,Customer 0919,Mumbai,Maharashtra,New,Male
CUST0920,Customer 0920,Pune,Maharashtra,Regular,Female
CUST0921,Customer 0921,Bengaluru,Karnataka,New,Male
CUST0922,Customer 0922,Chennai,Tamil Nadu,New,Female
CUST0923,Customer 0923,Hyderabad,Telangana,New,Female
CUST0924,Customer 0924,Ahmedabad,Gujarat,New,Female
CUST0925,Customer 0925,Kolkata,West Bengal,Regular,Female
CUST0926,Customer 0926,Lucknow,Uttar Pradesh,New,Female
CUST0927,Customer 0927,Indore,Madhya Pradesh,Regular,Female
CUST0928,Customer 0928,Gurugram,Haryana,Regular,Female
CUST0929,Customer 0929,Ludhiana,Punjab,New,Male
CUST0930,Customer 0930,Patna,Bihar,New,Male
CUST0931,Customer 0931,Jaipur,Rajasthan,Regular,Female
CUST0932,Customer 0932,Jodhpur,Rajasthan,Premium,Male
CUST0933,Customer 0933,New Delhi,Delhi,Regular,Female
CUST0934,Customer 0934,Mumbai,Maharashtra,Premium,Male
CUST0935,Customer 0935,Pune,Maharashtra,Regular,Female
CUST0936,Customer 0936,Bengaluru,Karnataka,New,Male
CUST0937,Customer 0937,Chennai,Tamil Nadu,Premium,Female
CUST0938,Customer 0938,Hyderabad,Telangana,Premium,Female
CUST0939,Customer 0939,Ahmedabad,Gujarat,New,Male
CUST0940,Customer 0940,Kolkata,West Bengal,Regular,Male
CUST0941,Customer 0941,Lucknow,Uttar Pradesh,Regular,Female
CUST0942,Customer 0942,Indore,Madhya Pradesh,Regular,Female
CUST0943,Customer 0943,Gurugram,Haryana,New,Male
CUST0944,Customer 0944,Ludhiana,Punjab,New,Male
CUST0945,Customer 0945,Patna,Bihar,Premium,Male
CUST0946,Customer 0946,Jaipur,Rajasthan,New,Female
CUST0947,Customer 0947,Jodhpur,Rajasthan,Regular,Male
CUST0948,Customer 0948,New Delhi,Delhi,New,Male
CUST0949,Customer 0949,Mumbai,Maharashtra,Regular,Male
CUST0950,Customer 0950,Pune,Maharashtra,New,Male
CUST0951,Customer 0951,Bengaluru,Karnataka,Regular,Male
CUST0952,Customer 0952,Chennai,Tamil Nadu,Regular,Male
CUST0953,Customer 0953,Hyderabad,Telangana,Regular,Male
CUST0954,Customer 0954,Ahmedabad,Gujarat,Regular,Male
CUST0955,Customer 0955,Kolkata,West Bengal,Regular,Female
CUST0956,Customer 0956,Lucknow,Uttar Pradesh,New,Male
CUST0957,Customer 0957,Indore,Madhya Pradesh,Premium,Male
CUST0958,Customer 0958,Gurugram,Haryana,New,Male
CUST0959,Customer 0959,Ludhiana,Punjab,Regular,Female
CUST0960,Customer 0960,Patna,Bihar,Regular,Female
CUST0961,Customer 0961,Jaipur,Rajasthan,Regular,Male
CUST0962,Customer 0962,Jodhpur,Rajasthan,Regular,Male
CUST0963,Customer 0963,New Delhi,Delhi,New,Male
CUST0964,Customer 0964,Mumbai,Maharashtra,Regular,Female
CUST0965,Customer 0965,Pune,Maharashtra,New,Male
CUST0966,Customer 0966,Bengaluru,Karnataka,Regular,Female
CUST0967,Customer 0967,Chennai,Tamil Nadu,Regular,Female
CUST0968,Customer 0968,Hyderabad,Telangana,Regular,Male
CUST0969,Customer 0969,Ahmedabad,Gujarat,Regular,Female
CUST0970,Customer 0970,Kolkata,West Bengal,New,Male
CUST0971,Customer 0971,Lucknow,Uttar Pradesh,New,Male
CUST0972,Customer 0972,Indore,Madhya Pradesh,Regular,Male
CUST0973,Customer 0973,Gurugram,Haryana,Regular,Female
CUST0974,Customer 0974,Ludhiana,Punjab,New,Female
CUST0975,Customer 0975,Patna,Bihar,New,Female
CUST0976,Customer 0976,Jaipur,Rajasthan,Premium,Male
CUST0977,Customer 0977,Jodhpur,Rajasthan,Regular,Female
CUST0978,Customer 0978,New Delhi,Delhi,Premium,Female
CUST0979,Customer 0979,Mumbai,Maharashtra,Regular,Male
CUST0980,Customer 0980,Pune,Maharashtra,Regular,Female
CUST0981,Customer 0981,Bengaluru,Karnataka,Regular,Male
CUST0982,Customer 0982,Chennai,Tamil Nadu,Regular,Male
CUST0983,Customer 0983,Hyderabad,Telangana,Regular,Male
CUST0984,Customer 0984,Ahmedabad,Gujarat,Regular,Female
CUST0985,Customer 0985,Kolkata,West Bengal,Regular,Male
CUST0986,Customer 0986,Lucknow,Uttar Pradesh,New,Female
CUST0987,Customer 0987,Indore,Madhya Pradesh,Regular,Male
CUST0988,Customer 0988,Gurugram,Haryana,New,Male
CUST0989,Customer 0989,Ludhiana,Punjab,Regular,Female
CUST0990,Customer 0990,Patna,Bihar,Regular,Male
CUST0991,Customer 0991,Jaipur,Rajasthan,Premium,Male
CUST0992,Customer 0992,Jodhpur,Rajasthan,Premium,Male
CUST0993,Customer 0993,New Delhi,Delhi,Regular,Female
CUST0994,Customer 0994,Mumbai,Maharashtra,New,Female
CUST0995,Customer 0995,Pune,Maharashtra,Premium,Male
CUST0996,Customer 0996,Bengaluru,Karnataka,New,Female
CUST0997,Customer 0997,Chennai,Tamil Nadu,New,Male
CUST0998,Customer 0998,Hyderabad,Telangana,Regular,Female
CUST0999,Customer 0999,Ahmedabad,Gujarat,New,Male
CUST1000,Customer 1000,Kolkata,West Bengal,Regular,Male
CUST1001,Customer 1001,Lucknow,Uttar Pradesh,Regular,Male
CUST1002,Customer 1002,Indore,Madhya Pradesh,Premium,Female
CUST1003,Customer 1003,Gurugram,Haryana,New,Female
CUST1004,Customer 1004,Ludhiana,Punjab,Regular,Male
CUST1005,Customer 1005,Patna,Bihar,New,Female
CUST1006,Customer 1006,Jaipur,Rajasthan,New,Male
CUST1007,Customer 1007,Jodhpur,Rajasthan,New,Male
CUST1008,Customer 1008,New Delhi,Delhi,Regular,Male
CUST1009,Customer 1009,Mumbai,Maharashtra,New,Male
CUST1010,Customer 1010,Pune,Maharashtra,Regular,Male
CUST1011,Customer 1011,Bengaluru,Karnataka,Regular,Male
CUST1012,Customer 1012,Chennai,Tamil Nadu,New,Male
CUST1013,Customer 1013,Hyderabad,Telangana,Regular,Male
CUST1014,Customer 1014,Ahmedabad,Gujarat,Regular,Male
CUST1015,Customer 1015,Kolkata,West Bengal,Regular,Male
CUST1016,Customer 1016,Lucknow,Uttar Pradesh,New,Male
CUST1017,Customer 1017,Indore,Madhya Pradesh,New,Male
CUST1018,Customer 1018,Gurugram,Haryana,New,Female
CUST1019,Customer 1019,Ludhiana,Punjab,Premium,Male
CUST1020,Customer 1020,Patna,Bihar,Regular,Female
CUST1021,Customer 1021,Jaipur,Rajasthan,New,Female
CUST1022,Customer 1022,Jodhpur,Rajasthan,Regular,Female
CUST1023,Customer 1023,New Delhi,Delhi,Premium,Male
CUST1024,Customer 1024,Mumbai,Maharashtra,Regular,Male
CUST1025,Customer 1025,Pune,Maharashtra,New,Male
CUST1026,Customer 1026,Bengaluru,Karnataka,Premium,Male
CUST1027,Customer 1027,Chennai,Tamil Nadu,Regular,Female
CUST1028,Customer 1028,Hyderabad,Telangana,New,Male
CUST1029,Customer 1029,Ahmedabad,Gujarat,Premium,Male
CUST1030,Customer 1030,Kolkata,West Bengal,New,Male
CUST1031,Customer 1031,Lucknow,Uttar Pradesh,Premium,Male
CUST1032,Customer 1032,Indore,Madhya Pradesh,Regular,Male
CUST1033,Customer 1033,Gurugram,Haryana,Regular,Female
CUST1034,Customer 1034,Ludhiana,Punjab,Regular,Female
CUST1035,Customer 1035,Patna,Bihar,New,Male
CUST1036,Customer 1036,Jaipur,Rajasthan,Premium,Male
CUST1037,Customer 1037,Jodhpur,Rajasthan,New,Female
CUST1038,Customer 1038,New Delhi,Delhi,Regular,Male
CUST1039,Customer 1039,Mumbai,Maharashtra,Premium,Male
CUST1040,Customer 1040,Pune,Maharashtra,New,Male
CUST1041,Customer 1041,Bengaluru,Karnataka,Regular,Male
CUST1042,Customer 1042,Chennai,Tamil Nadu,Regular,Male
CUST1043,Customer 1043,Hyderabad,Telangana,Regular,Male
CUST1044,Customer 1044,Ahmedabad,Gujarat,Regular,Male
CUST1045,Customer 1045,Kolkata,West Bengal,Regular,Male
CUST1046,Customer 1046,Lucknow,Uttar Pradesh,Regular,Female
CUST1047,Customer 1047,Indore,Madhya Pradesh,Regular,Male
CUST1048,Customer 1048,Gurugram,Haryana,Premium,Male
CUST1049,Customer 1049,Ludhiana,Punjab,New,Male
CUST1050,Customer 1050,Patna,Bihar,New,Male
CUST1051,Customer 1051,Jaipur,Rajasthan,Regular,Male
CUST1052,Customer 1052,Jodhpur,Rajasthan,Regular,Female
CUST1053,Customer 1053,New Delhi,Delhi,Regular,Female
CUST1054,Customer 1054,Mumbai,Maharashtra,Regular,Female
CUST1055,Customer 1055,Pune,Maharashtra,New,Male
CUST1056,Customer 1056,Bengaluru,Karnataka,Regular,Male
CUST1057,Customer 1057,Chennai,Tamil Nadu,New,Female
CUST1058,Customer 1058,Hyderabad,Telangana,New,Female
CUST1059,Customer 1059,Ahmedabad,Gujarat,New,Male
CUST1060,Customer 1060,Kolkata,West Bengal,New,Male
CUST1061,Customer 1061,Lucknow,Uttar Pradesh,New,Male
CUST1062,Customer 1062,Indore,Madhya Pradesh,New,Male
CUST1063,Customer 1063,Gurugram,Haryana,Regular,Male
CUST1064,Customer 1064,Ludhiana,Punjab,New,Male
CUST1065,Customer 1065,Patna,Bihar,New,Male
CUST1066,Customer 1066,Jaipur,Rajasthan,New,Female
CUST1067,Customer 1067,Jodhpur,Rajasthan,Premium,Female
CUST1068,Customer 1068,New Delhi,Delhi,Regular,Male
CUST1069,Customer 1069,Mumbai,Maharashtra,New,Female
CUST1070,Customer 1070,Pune,Maharashtra,Regular,Female
CUST1071,Customer 1071,Bengaluru,Karnataka,Premium,Male
CUST1072,Customer 1072,Chennai,Tamil Nadu,Regular,Female
CUST1073,Customer 1073,Hyderabad,Telangana,New,Female
CUST1074,Customer 1074,Ahmedabad,Gujarat,New,Female
CUST1075,Customer 1075,Kolkata,West Bengal,Regular,Male
CUST1076,Customer 1076,Lucknow,Uttar Pradesh,Regular,Male
CUST1077,Customer 1077,Indore,Madhya Pradesh,Regular,Female
CUST1078,Customer 1078,Gurugram,Haryana,Regular,Female
CUST1079,Customer 1079,Ludhiana,Punjab,New,Male
CUST1080,Customer 1080,Patna,Bihar,Regular,Male
CUST1081,Customer 1081,Jaipur,Rajasthan,Regular,Male
CUST1082,Customer 1082,Jodhpur,Rajasthan,Regular,Male
CUST1083,Customer 1083,New Delhi,Delhi,Premium,Male
CUST1084,Customer 1084,Mumbai,Maharashtra,Premium,Male
CUST1085,Customer 1085,Pune,Maharashtra,New,Male
CUST1086,Customer 1086,Bengaluru,Karnataka,Regular,Male
CUST1087,Customer 1087,Chennai,Tamil Nadu,Regular,Male
CUST1088,Customer 1088,Hyderabad,Telangana,Regular,Male
CUST1089,Customer 1089,Ahmedabad,Gujarat,Regular,Female
CUST1090,Customer 1090,Kolkata,West Bengal,New,Female
CUST1091,Customer 1091,Lucknow,Uttar Pradesh,Regular,Female
CUST1092,Customer 1092,Indore,Madhya Pradesh,Regular,Male
CUST1093,Customer 1093,Gurugram,Haryana,Regular,Male
CUST1094,Customer 1094,Ludhiana,Punjab,Regular,Male
CUST1095,Customer 1095,Patna,Bihar,New,Female
CUST1096,Customer 1096,Jaipur,Rajasthan,New,Male
CUST1097,Customer 1097,Jodhpur,Rajasthan,Regular,Male
CUST1098,Customer 1098,New Delhi,Delhi,Regular,Female
CUST1099,Customer 1099,Mumbai,Maharashtra,New,Male
CUST1100,Customer 1100,Pune,Maharashtra,New,Female
CUST1101,Customer 1101,Bengaluru,Karnataka,New,Female
CUST1102,Customer 1102,Chennai,Tamil Nadu,Premium,Male
CUST1103,Customer 1103,Hyderabad,Telangana,New,Male
CUST1104,Customer 1104,Ahmedabad,Gujarat,Regular,Male
CUST1105,Customer 1105,Kolkata,West Bengal,New,Male
CUST1106,Customer 1106,Lucknow,Uttar Pradesh,Premium,Male
CUST1107,Customer 1107,Indore,Madhya Pradesh,Premium,Male
CUST1108,Customer 1108,Gurugram,Haryana,Premium,Male
CUST1109,Customer 1109,Ludhiana,Punjab,New,Female
CUST1110,Customer 1110,Patna,Bihar,Premium,Male
CUST1111,Customer 1111,Jaipur,Rajasthan,Regular,Male
CUST1112,Customer 1112,Jodhpur,Rajasthan,Regular,Male
CUST1113,Customer 1113,New Delhi,Delhi,Premium,Male
CUST1114,Customer 1114,Mumbai,Maharashtra,Regular,Male
CUST1115,Customer 1115,Pune,Maharashtra,New,Female
CUST1116,Customer 1116,Bengaluru,Karnataka,New,Female
CUST1117,Customer 1117,Chennai,Tamil Nadu,New,Female
CUST1118,Customer 1118,Hyderabad,Telangana,Regular,Female
CUST1119,Customer 1119,Ahmedabad,Gujarat,New,Male
CUST1120,Customer 1120,Kolkata,West Bengal,Regular,Male
CUST1121,Customer 1121,Lucknow,Uttar Pradesh,New,Male
CUST1122,Customer 1122,Indore,Madhya Pradesh,Regular,Male
CUST1123,Customer 1123,Gurugram,Haryana,Regular,Male
CUST1124,Customer 1124,Ludhiana,Punjab,New,Female
CUST1125,Customer 1125,Patna,Bihar,Regular,Male
CUST1126,Customer 1126,Jaipur,Rajasthan,Regular,Female
CUST1127,Customer 1127,Jodhpur,Rajasthan,Regular,Male
CUST1128,Customer 1128,New Delhi,Delhi,Premium,Male
CUST1129,Customer 1129,Mumbai,Maharashtra,Premium,Female
CUST1130,Customer 1130,Pune,Maharashtra,New,Male
CUST1131,Customer 1131,Bengaluru,Karnataka,Regular,Female
CUST1132,Customer 1132,Chennai,Tamil Nadu,Regular,Male
CUST1133,Customer 1133,Hyderabad,Telangana,Regular,Male
CUST1134,Customer 1134,Ahmedabad,Gujarat,Regular,Male
CUST1135,Customer 1135,Kolkata,West Bengal,Regular,Female
CUST1136,Customer 1136,Lucknow,Uttar Pradesh,Regular,Female
CUST1137,Customer 1137,Indore,Madhya Pradesh,Regular,Female
CUST1138,Customer 1138,Gurugram,Haryana,Premium,Male
CUST1139,Customer 1139,Ludhiana,Punjab,Regular,Male
CUST1140,Customer 1140,Patna,Bihar,Premium,Female
CUST1141,Customer 1141,Jaipur,Rajasthan,Regular,Male
CUST1142,Customer 1142,Jodhpur,Rajasthan,New,Female
CUST1143,Customer 1143,New Delhi,Delhi,New,Male
CUST1144,Customer 1144,Mumbai,Maharashtra,Premium,Female
CUST1145,Customer 1145,Pune,Maharashtra,New,Male
CUST1146,Customer 1146,Bengaluru,Karnataka,Premium,Female
CUST1147,Customer 1147,Chennai,Tamil Nadu,Regular,Male
CUST1148,Customer 1148,Hyderabad,Telangana,New,Male
CUST1149,Customer 1149,Ahmedabad,Gujarat,Regular,Male
CUST1150,Customer 1150,Kolkata,West Bengal,New,Female
CUST1151,Customer 1151,Lucknow,Uttar Pradesh,Premium,Female
CUST1152,Customer 1152,Indore,Madhya Pradesh,Regular,Male
CUST1153,Customer 1153,Gurugram,Haryana,Regular,Male
CUST1154,Customer 1154,Ludhiana,Punjab,Regular,Male
CUST1155,Customer 1155,Patna,Bihar,Regular,Female
CUST1156,Customer 1156,Jaipur,Rajasthan,Premium,Male
CUST1157,Customer 1157,Jodhpur,Rajasthan,Regular,Male
CUST1158,Customer 1158,New Delhi,Delhi,Regular,Male
CUST1159,Customer 1159,Mumbai,Maharashtra,New,Female
CUST1160,Customer 1160,Pune,Maharashtra,Regular,Female
CUST1161,Customer 1161,Bengaluru,Karnataka,New,Male
CUST1162,Customer 1162,Chennai,Tamil Nadu,Regular,Male
CUST1163,Customer 1163,Hyderabad,Telangana,New,Female
CUST1164,Customer 1164,Ahmedabad,Gujarat,New,Male
CUST1165,Customer 1165,Kolkata,West Bengal,Regular,Male
CUST1166,Customer 1166,Lucknow,Uttar Pradesh,Regular,Male
CUST1167,Customer 1167,Indore,Madhya Pradesh,Regular,Male
CUST1168,Customer 1168,Gurugram,Haryana,Regular,Female
CUST1169,Customer 1169,Ludhiana,Punjab,Premium,Male
CUST1170,Customer 1170,Patna,Bihar,Regular,Male
CUST1171,Customer 1171,Jaipur,Rajasthan,New,Male
CUST1172,Customer 1172,Jodhpur,Rajasthan,Regular,Male
CUST1173,Customer 1173,New Delhi,Delhi,Regular,Male
CUST1174,Customer 1174,Mumbai,Maharashtra,Premium,Female
CUST1175,Customer 1175,Pune,Maharashtra,New,Male
CUST1176,Customer 1176,Bengaluru,Karnataka,New,Female
CUST1177,Customer 1177,Chennai,Tamil Nadu,New,Male
CUST1178,Customer 1178,Hyderabad,Telangana,Regular,Female
CUST1179,Customer 1179,Ahmedabad,Gujarat,Regular,Male
CUST1180,Customer 1180,Kolkata,West Bengal,Premium,Male
CUST1181,Customer 1181,Lucknow,Uttar Pradesh,Regular,Male
CUST1182,Customer 1182,Indore,Madhya Pradesh,Regular,Female
CUST1183,Customer 1183,Gurugram,Haryana,Regular,Female
CUST1184,Customer 1184,Ludhiana,Punjab,New,Male
CUST1185,Customer 1185,Patna,Bihar,Regular,Male
CUST1186,Customer 1186,Jaipur,Rajasthan,Regular,Male
CUST1187,Customer 1187,Jodhpur,Rajasthan,New,Male
CUST1188,Customer 1188,New Delhi,Delhi,Regular,Male
CUST1189,Customer 1189,Mumbai,Maharashtra,Premium,Female
CUST1190,Customer 1190,Pune,Maharashtra,New,Female
CUST1191,Customer 1191,Bengaluru,Karnataka,Regular,Male
CUST1192,Customer 1192,Chennai,Tamil Nadu,New,Male
CUST1193,Customer 1193,Hyderabad,Telangana,New,Female
CUST1194,Customer 1194,Ahmedabad,Gujarat,Premium,Male
CUST1195,Customer 1195,Kolkata,West Bengal,Regular,Male
CUST1196,Customer 1196,Lucknow,Uttar Pradesh,Regular,Female
CUST1197,Customer 1197,Indore,Madhya Pradesh,Regular,Male
CUST1198,Customer 1198,Gurugram,Haryana,Regular,Female
CUST1199,Customer 1199,Ludhiana,Punjab,New,Male
CUST1200,Customer 1200,Patna,Bihar,New,Male
