return_id,order_id,return_date,return_reason,refund_status
RET00001,ORD001822,2024-06-19,Changed Mind,Refunded
RET00002,ORD003590,2025-05-14,Damaged,Refunded
RET00003,ORD005046,2024-10-21,Changed Mind,Refunded
RET00004,ORD004874,2024-02-01,Wrong Product,Refunded
RET00005,ORD009939,2024-02-10,Late Delivery,Refunded
RET00006,ORD008838,2025-11-11,Late Delivery,Refunded
RET00007,ORD004023,2026-01-10,Changed Mind,Refunded
RET00008,ORD005198,2025-02-26,Size Issue,Refunded
RET00009,ORD006528,2025-04-18,Quality Issue,Refunded
RET00010,ORD011949,2024-10-31,Changed Mind,Processing
RET00011,ORD009762,2024-09-23,Size Issue,Processing
RET00012,ORD011190,2024-08-09,Wrong Product,Refunded
RET00013,ORD009565,2025-11-02,Size Issue,Refunded
RET00014,ORD003939,2025-07-04,Size Issue,Refunded
RET00015,ORD001037,2024-03-08,Late Delivery,Refunded
RET00016,ORD007399,2024-01-14,Changed Mind,Refunded
RET00017,ORD006706,2025-09-08,Late Delivery,Rejected
RET00018,ORD003326,2025-12-31,Wrong Product,Refunded
RET00019,ORD005662,2025-08-04,Size Issue,Refunded
RET00020,ORD000653,2024-03-09,Wrong Product,Refunded
RET00021,ORD005316,2025-03-22,Wrong Product,Refunded
RET00022,ORD008277,2025-01-19,Damaged,Processing
RET00023,ORD003160,2025-08-28,Size Issue,Refunded
RET00024,ORD011269,2025-03-12,Late Delivery,Processing
RET00025,ORD003296,2025-05-16,Size Issue,Refunded
RET00026,ORD004546,2024-12-16,Late Delivery,Refunded
RET00027,ORD000725,2025-06-10,Changed Mind,Refunded
RET00028,ORD002080,2024-11-29,Damaged,Refunded
RET00029,ORD005615,2025-04-30,Changed Mind,Refunded
RET00030,ORD005052,2025-06-23,Changed Mind,Refunded
RET00031,ORD004130,2025-02-01,Changed Mind,Refunded
RET00032,ORD009801,2024-03-09,Size Issue,Refunded
RET00033,ORD006963,2024-04-15,Size Issue,Refunded
RET00034,ORD001505,2025-01-26,Late Delivery,Refunded
RET00035,ORD011865,2024-09-15,Late Delivery,Refunded
RET00036,ORD007851,2024-07-26,Size Issue,Processing
RET00037,ORD003709,2025-10-26,Changed Mind,Processing
RET00038,ORD005300,2025-08-25,Wrong Product,Refunded
RET00039,ORD005010,2024-07-10,Size Issue,Refunded
RET00040,ORD000483,2025-11-17,Late Delivery,Refunded
RET00041,ORD003868,2025-11-25,Late Delivery,Refunded
RET00042,ORD010710,2025-10-18,Late Delivery,Processing
RET00043,ORD006392,2025-01-21,Damaged,Refunded
RET00044,ORD000795,2024-11-08,Size Issue,Refunded
RET00045,ORD007926,2025-06-27,Size Issue,Processing
RET00046,ORD010685,2024-09-20,Quality Issue,Refunded
RET00047,ORD010581,2025-09-11,Damaged,Refunded
RET00048,ORD005735,2025-11-21,Changed Mind,Processing
RET00049,ORD011569,2025-09-29,Changed Mind,Refunded
RET00050,ORD006903,2024-03-02,Damaged,Refunded
RET00051,ORD000820,2024-11-21,Quality Issue,Refunded
RET00052,ORD005040,2024-02-04,Late Delivery,Refunded
RET00053,ORD009868,2024-07-16,Wrong Product,Refunded
RET00054,ORD009893,2025-11-18,Late Delivery,Refunded
RET00055,ORD011917,2025-12-03,Damaged,Refunded
RET00056,ORD008285,2025-08-31,Wrong Product,Rejected
RET00057,ORD001549,2025-07-16,Late Delivery,Refunded
RET00058,ORD005888,2024-05-13,Damaged,Refunded
RET00059,ORD004274,2025-01-14,Size Issue,Refunded
RET00060,ORD009725,2025-03-18,Damaged,Refunded
RET00061,ORD011362,2024-08-25,Wrong Product,Refunded
RET00062,ORD011827,2025-02-16,Late Delivery,Rejected
RET00063,ORD008682,2024-06-17,Quality Issue,Refunded
RET00064,ORD006558,2024-01-21,Changed Mind,Refunded
RET00065,ORD011824,2025-09-20,Late Delivery,Refunded
RET00066,ORD003757,2024-11-10,Quality Issue,Refunded
RET00067,ORD002504,2025-04-08,Changed Mind,Refunded
RET00068,ORD008268,2025-06-17,Late Delivery,Refunded
RET00069,ORD010263,2025-02-15,Quality Issue,Processing
RET00070,ORD007475,2024-05-14,Late Delivery,Refunded
RET00071,ORD004057,2024-07-08,Damaged,Refunded
RET00072,ORD011888,2025-07-05,Late Delivery,Processing
RET00073,ORD008930,2024-08-25,Quality Issue,Refunded
RET00074,ORD005348,2024-05-21,Size Issue,Refunded
RET00075,ORD003600,2025-10-16,Wrong Product,Refunded
RET00076,ORD008284,2025-12-30,Changed Mind,Refunded
RET00077,ORD004767,2025-10-15,Wrong Product,Processing
RET00078,ORD002353,2024-05-22,Damaged,Refunded
RET00079,ORD009925,2025-06-23,Damaged,Refunded
RET00080,ORD008049,2024-02-24,Damaged,Refunded
RET00081,ORD005177,2025-11-30,Size Issue,Refunded
RET00082,ORD002805,2024-04-05,Size Issue,Refunded
RET00083,ORD010283,2025-03-12,Wrong Product,Refunded
RET00084,ORD011582,2024-03-05,Damaged,Processing
RET00085,ORD007887,2024-12-22,Wrong Product,Refunded
RET00086,ORD009780,2025-05-31,Damaged,Refunded
RET00087,ORD007060,2024-06-19,Wrong Product,Refunded
RET00088,ORD004353,2024-02-17,Damaged,Refunded
RET00089,ORD010003,2024-12-05,Wrong Product,Refunded
RET00090,ORD004430,2026-01-15,Quality Issue,Rejected
RET00091,ORD009305,2024-06-18,Wrong Product,Refunded
RET00092,ORD005953,2025-09-24,Quality Issue,Processing
RET00093,ORD003275,2025-10-05,Wrong Product,Refunded
RET00094,ORD002428,2024-06-01,Late Delivery,Refunded
RET00095,ORD000698,2025-04-23,Damaged,Refunded
RET00096,ORD002348,2024-12-06,Quality Issue,Rejected
RET00097,ORD009422,2024-10-03,Wrong Product,Refunded
RET00098,ORD010286,2025-12-06,Size Issue,Refunded
RET00099,ORD010680,2025-08-23,Quality Issue,Refunded
RET00100,ORD001587,2024-02-07,Changed Mind,Refunded
RET00101,ORD001739,2025-03-17,Changed Mind,Refunded
RET00102,ORD007750,2024-11-21,Changed Mind,Rejected
RET00103,ORD003949,2025-10-08,Quality Issue,Processing
RET00104,ORD005896,2024-07-15,Wrong Product,Refunded
RET00105,ORD010810,2024-03-25,Size Issue,Processing
RET00106,ORD008635,2024-11-01,Changed Mind,Refunded
RET00107,ORD001778,2025-05-16,Wrong Product,Processing
RET00108,ORD010234,2024-04-19,Late Delivery,Refunded
RET00109,ORD003471,2025-02-11,Quality Issue,Refunded
RET00110,ORD000993,2025-04-06,Changed Mind,Refunded
RET00111,ORD004197,2025-07-19,Damaged,Processing
RET00112,ORD009851,2025-07-08,Wrong Product,Refunded
RET00113,ORD011991,2025-09-02,Quality Issue,Refunded
RET00114,ORD000839,2024-04-20,Changed Mind,Refunded
RET00115,ORD007829,2024-04-28,Wrong Product,Refunded
RET00116,ORD004221,2024-12-03,Changed Mind,Refunded
RET00117,ORD000776,2025-07-14,Changed Mind,Refunded
RET00118,ORD009061,2025-09-01,Wrong Product,Processing
RET00119,ORD010487,2025-10-15,Late Delivery,Refunded
RET00120,ORD003794,2024-11-29,Changed Mind,Refunded
RET00121,ORD000502,2024-11-14,Size Issue,Refunded
RET00122,ORD008892,2024-09-24,Damaged,Rejected
RET00123,ORD005240,2024-07-19,Size Issue,Refunded
RET00124,ORD004486,2024-11-19,Wrong Product,Refunded
RET00125,ORD005679,2025-12-29,Quality Issue,Refunded
RET00126,ORD000349,2025-03-26,Damaged,Refunded
RET00127,ORD005257,2025-10-09,Changed Mind,Processing
RET00128,ORD011111,2025-05-08,Damaged,Refunded
RET00129,ORD004169,2024-06-10,Size Issue,Refunded
RET00130,ORD007017,2025-11-10,Damaged,Refunded
RET00131,ORD008626,2025-02-11,Wrong Product,Refunded
RET00132,ORD000954,2025-03-01,Late Delivery,Refunded
RET00133,ORD008079,2025-05-31,Wrong Product,Processing
RET00134,ORD008639,2025-08-04,Damaged,Refunded
RET00135,ORD009684,2025-09-30,Late Delivery,Refunded
RET00136,ORD006892,2024-05-31,Damaged,Refunded
RET00137,ORD004333,2025-03-23,Late Delivery,Refunded
RET00138,ORD010702,2024-06-26,Changed Mind,Refunded
RET00139,ORD006010,2025-01-06,Quality Issue,Processing
RET00140,ORD003657,2024-11-28,Size Issue,Refunded
RET00141,ORD007594,2024-11-19,Size Issue,Processing
RET00142,ORD005103,2024-01-13,Size Issue,Refunded
RET00143,ORD010485,2025-11-15,Wrong Product,Refunded
RET00144,ORD006128,2025-09-07,Late Delivery,Refunded
RET00145,ORD010080,2024-11-10,Quality Issue,Refunded
RET00146,ORD008664,2025-08-10,Size Issue,Refunded
RET00147,ORD011624,2024-09-10,Changed Mind,Rejected
RET00148,ORD006134,2024-02-24,Changed Mind,Refunded
RET00149,ORD010984,2025-02-21,Quality Issue,Refunded
RET00150,ORD010456,2025-09-09,Quality Issue,Refunded
RET00151,ORD005852,2025-06-24,Size Issue,Refunded
RET00152,ORD011929,2024-09-11,Size Issue,Refunded
RET00153,ORD003519,2025-12-20,Changed Mind,Refunded
RET00154,ORD010232,2024-09-13,Changed Mind,Refunded
RET00155,ORD000716,2024-08-12,Size Issue,Refunded
RET00156,ORD009815,2025-11-10,Quality Issue,Refunded
RET00157,ORD002992,2024-05-20,Quality Issue,Refunded
RET00158,ORD007130,2024-06-23,Damaged,Refunded
RET00159,ORD004271,2024-02-19,Wrong Product,Refunded
RET00160,ORD005048,2024-04-28,Quality Issue,Refunded
RET00161,ORD002589,2025-06-15,Size Issue,Refunded
RET00162,ORD002020,2024-07-21,Quality Issue,Refunded
RET00163,ORD007447,2024-10-21,Damaged,Refunded
RET00164,ORD002970,2025-07-06,Wrong Product,Refunded
RET00165,ORD007680,2024-12-12,Wrong Product,Rejected
RET00166,ORD001117,2024-12-05,Changed Mind,Refunded
RET00167,ORD003364,2024-07-06,Late Delivery,Refunded
RET00168,ORD003522,2024-05-29,Changed Mind,Refunded
RET00169,ORD010217,2025-09-24,Quality Issue,Refunded
RET00170,ORD000912,2024-09-24,Damaged,Refunded
RET00171,ORD010631,2024-05-02,Late Delivery,Refunded
RET00172,ORD003155,2025-05-20,Quality Issue,Refunded
RET00173,ORD010496,2025-06-09,Changed Mind,Rejected
RET00174,ORD009546,2025-02-09,Wrong Product,Refunded
RET00175,ORD006536,2024-09-02,Wrong Product,Refunded
RET00176,ORD011683,2024-08-09,Size Issue,Refunded
RET00177,ORD006779,2024-05-08,Changed Mind,Refunded
RET00178,ORD004892,2024-05-01,Damaged,Processing
RET00179,ORD006770,2024-12-11,Quality Issue,Refunded
RET00180,ORD004768,2025-10-25,Late Delivery,Processing
RET00181,ORD003051,2025-10-27,Size Issue,Refunded
RET00182,ORD010735,2025-08-16,Damaged,Processing
RET00183,ORD003184,2024-08-03,Size Issue,Refunded
RET00184,ORD009817,2025-05-31,Changed Mind,Processing
RET00185,ORD011124,2024-08-14,Late Delivery,Refunded
RET00186,ORD001303,2025-12-24,Wrong Product,Refunded
RET00187,ORD001567,2024-07-17,Wrong Product,Refunded
RET00188,ORD000479,2026-01-16,Changed Mind,Refunded
RET00189,ORD004664,2024-07-11,Late Delivery,Refunded
RET00190,ORD000040,2024-11-22,Wrong Product,Refunded
RET00191,ORD011536,2024-07-13,Damaged,Refunded
RET00192,ORD005798,2025-06-23,Changed Mind,Refunded
RET00193,ORD004855,2025-03-10,Changed Mind,Refunded
RET00194,ORD010345,2025-12-11,Late Delivery,Rejected
RET00195,ORD001715,2024-12-24,Changed Mind,Refunded
RET00196,ORD000343,2024-12-29,Late Delivery,Refunded
RET00197,ORD008163,2024-09-05,Changed Mind,Refunded
RET00198,ORD007393,2024-05-30,Late Delivery,Refunded
RET00199,ORD011110,2025-07-22,Changed Mind,Refunded
RET00200,ORD000096,2025-03-12,Quality Issue,Processing
RET00201,ORD010967,2024-11-21,Damaged,Refunded
RET00202,ORD002433,2024-06-07,Quality Issue,Refunded
RET00203,ORD007210,2025-12-21,Wrong Product,Refunded
RET00204,ORD009260,2025-03-14,Late Delivery,Refunded
RET00205,ORD001515,2024-03-09,Quality Issue,Refunded
RET00206,ORD008171,2025-11-29,Late Delivery,Refunded
RET00207,ORD002122,2024-02-27,Quality Issue,Refunded
RET00208,ORD011265,2025-07-30,Quality Issue,Refunded
RET00209,ORD002794,2024-11-04,Changed Mind,Refunded
RET00210,ORD010523,2024-08-08,Quality Issue,Rejected
RET00211,ORD001070,2024-08-17,Changed Mind,Processing
RET00212,ORD008224,2024-07-14,Damaged,Refunded
RET00213,ORD011722,2024-01-18,Size Issue,Refunded
RET00214,ORD006391,2024-04-14,Quality Issue,Rejected
RET00215,ORD002104,2025-03-09,Wrong Product,Refunded
RET00216,ORD005720,2024-10-15,Quality Issue,Refunded
RET00217,ORD011458,2024-07-24,Damaged,Refunded
RET00218,ORD002309,2025-08-31,Changed Mind,Refunded
RET00219,ORD004347,2025-07-24,Late Delivery,Refunded
RET00220,ORD001885,2024-03-24,Wrong Product,Refunded
RET00221,ORD001709,2025-10-31,Quality Issue,Refunded
RET00222,ORD001558,2025-10-17,Wrong Product,Rejected
RET00223,ORD010189,2024-07-14,Late Delivery,Refunded
RET00224,ORD003616,2024-12-12,Damaged,Refunded
RET00225,ORD000692,2025-08-20,Damaged,Processing
RET00226,ORD008920,2025-11-06,Damaged,Processing
RET00227,ORD006475,2025-05-18,Size Issue,Refunded
RET00228,ORD007389,2024-10-02,Changed Mind,Refunded
RET00229,ORD000328,2024-12-08,Changed Mind,Refunded
RET00230,ORD009371,2026-01-05,Damaged,Refunded
RET00231,ORD007118,2025-10-02,Quality Issue,Processing
RET00232,ORD002829,2025-01-17,Late Delivery,Refunded
RET00233,ORD004463,2024-11-20,Changed Mind,Refunded
RET00234,ORD001622,2024-02-09,Damaged,Refunded
RET00235,ORD001889,2025-02-13,Damaged,Refunded
RET00236,ORD001745,2025-07-17,Changed Mind,Rejected
RET00237,ORD002682,2024-05-16,Size Issue,Refunded
RET00238,ORD003361,2025-05-07,Damaged,Refunded
RET00239,ORD001519,2025-01-05,Wrong Product,Refunded
RET00240,ORD000391,2024-01-20,Size Issue,Refunded
RET00241,ORD000482,2024-05-16,Changed Mind,Refunded
RET00242,ORD008647,2025-02-12,Changed Mind,Refunded
RET00243,ORD004480,2025-01-23,Damaged,Refunded
RET00244,ORD004304,2025-10-02,Wrong Product,Refunded
RET00245,ORD000145,2024-05-19,Size Issue,Refunded
RET00246,ORD003398,2024-12-27,Size Issue,Refunded
RET00247,ORD005549,2024-09-29,Late Delivery,Refunded
RET00248,ORD006164,2024-05-01,Changed Mind,Refunded
RET00249,ORD000188,2025-11-20,Wrong Product,Refunded
RET00250,ORD008588,2025-04-26,Wrong Product,Refunded
RET00251,ORD010624,2025-09-17,Damaged,Refunded
RET00252,ORD002969,2025-12-31,Size Issue,Processing
RET00253,ORD005382,2024-04-29,Damaged,Refunded
RET00254,ORD008573,2024-09-17,Size Issue,Rejected
RET00255,ORD005329,2024-02-06,Size Issue,Rejected
RET00256,ORD002889,2025-08-27,Changed Mind,Refunded
RET00257,ORD002941,2025-02-21,Size Issue,Processing
RET00258,ORD008708,2024-10-04,Quality Issue,Refunded
RET00259,ORD004046,2024-05-15,Late Delivery,Refunded
RET00260,ORD006120,2025-09-05,Size Issue,Processing
RET00261,ORD010786,2025-12-21,Size Issue,Refunded
RET00262,ORD001649,2025-01-30,Late Delivery,Refunded
RET00263,ORD011716,2024-09-10,Late Delivery,Refunded
RET00264,ORD006414,2025-01-03,Changed Mind,Processing
RET00265,ORD008851,2025-08-14,Damaged,Processing
RET00266,ORD011350,2025-08-13,Damaged,Refunded
RET00267,ORD002702,2025-12-18,Size Issue,Refunded
RET00268,ORD003702,2024-08-24,Damaged,Refunded
RET00269,ORD009288,2024-05-20,Late Delivery,Processing
RET00270,ORD005587,2025-04-23,Quality Issue,Refunded
RET00271,ORD009139,2024-09-09,Wrong Product,Refunded
RET00272,ORD006847,2025-03-22,Quality Issue,Refunded
RET00273,ORD003087,2024-07-06,Changed Mind,Refunded
RET00274,ORD001785,2024-10-25,Wrong Product,Refunded
RET00275,ORD000528,2024-02-20,Damaged,Refunded
RET00276,ORD000059,2024-10-21,Quality Issue,Refunded
RET00277,ORD010301,2024-02-01,Quality Issue,Refunded
RET00278,ORD010574,2025-05-22,Late Delivery,Refunded
RET00279,ORD011411,2025-03-16,Damaged,Refunded
RET00280,ORD005408,2025-06-27,Changed Mind,Refunded
RET00281,ORD011427,2024-10-03,Wrong Product,Refunded
RET00282,ORD006478,2025-10-06,Damaged,Refunded
RET00283,ORD004870,2024-09-16,Damaged,Refunded
RET00284,ORD011203,2025-09-06,Quality Issue,Refunded
RET00285,ORD006119,2025-12-18,Size Issue,Refunded
RET00286,ORD006647,2025-01-13,Changed Mind,Refunded
RET00287,ORD000138,2025-12-09,Changed Mind,Refunded
RET00288,ORD009312,2025-12-16,Damaged,Processing
RET00289,ORD008218,2024-01-23,Size Issue,Rejected
RET00290,ORD008368,2024-03-01,Damaged,Refunded
RET00291,ORD000534,2025-07-10,Quality Issue,Refunded
RET00292,ORD002138,2025-10-10,Late Delivery,Refunded
RET00293,ORD011491,2025-09-05,Size Issue,Refunded
RET00294,ORD009072,2025-09-07,Changed Mind,Rejected
RET00295,ORD011935,2024-06-13,Damaged,Refunded
RET00296,ORD009805,2024-11-10,Late Delivery,Refunded
RET00297,ORD009496,2025-11-06,Quality Issue,Refunded
RET00298,ORD004514,2024-02-19,Changed Mind,Refunded
RET00299,ORD004779,2024-04-18,Quality Issue,Refunded
RET00300,ORD005692,2025-10-25,Changed Mind,Refunded
RET00301,ORD000363,2025-08-18,Size Issue,Refunded
RET00302,ORD003267,2025-12-17,Changed Mind,Refunded
RET00303,ORD003463,2024-11-15,Late Delivery,Refunded
RET00304,ORD006079,2024-06-30,Size Issue,Refunded
RET00305,ORD008549,2025-11-14,Damaged,Refunded
RET00306,ORD004348,2024-04-10,Wrong Product,Refunded
RET00307,ORD003725,2024-11-30,Quality Issue,Processing
RET00308,ORD004374,2025-04-12,Damaged,Refunded
RET00309,ORD001967,2024-01-15,Quality Issue,Refunded
RET00310,ORD007116,2024-08-28,Size Issue,Rejected
RET00311,ORD006487,2024-05-26,Size Issue,Refunded
RET00312,ORD009850,2024-06-20,Wrong Product,Processing
RET00313,ORD005191,2024-02-18,Quality Issue,Refunded
RET00314,ORD004021,2024-08-31,Changed Mind,Refunded
RET00315,ORD003876,2025-01-14,Damaged,Refunded
RET00316,ORD011150,2024-05-27,Size Issue,Refunded
RET00317,ORD005669,2025-04-26,Changed Mind,Refunded
RET00318,ORD005763,2024-07-15,Late Delivery,Processing
RET00319,ORD004469,2024-03-20,Size Issue,Processing
RET00320,ORD004715,2024-10-26,Quality Issue,Refunded
RET00321,ORD010806,2024-10-24,Size Issue,Refunded
RET00322,ORD009719,2024-02-14,Quality Issue,Refunded
RET00323,ORD000232,2024-12-27,Changed Mind,Refunded
RET00324,ORD011264,2025-01-31,Wrong Product,Refunded
RET00325,ORD006575,2025-06-29,Wrong Product,Refunded
RET00326,ORD006032,2025-08-09,Wrong Product,Refunded
RET00327,ORD007898,2025-04-07,Changed Mind,Processing
RET00328,ORD005673,2025-01-29,Quality Issue,Refunded
RET00329,ORD008826,2025-09-06,Changed Mind,Refunded
RET00330,ORD002002,2025-06-20,Damaged,Refunded
RET00331,ORD003552,2025-10-09,Changed Mind,Refunded
RET00332,ORD004681,2025-01-13,Late Delivery,Refunded
RET00333,ORD009251,2025-04-25,Damaged,Refunded
RET00334,ORD002603,2025-07-21,Damaged,Processing
RET00335,ORD003750,2025-11-23,Size Issue,Refunded
RET00336,ORD002825,2024-05-26,Late Delivery,Refunded
RET00337,ORD007276,2025-05-07,Late Delivery,Refunded
RET00338,ORD003365,2024-01-21,Quality Issue,Refunded
RET00339,ORD005548,2024-10-02,Late Delivery,Refunded
RET00340,ORD011623,2025-02-22,Quality Issue,Refunded
RET00341,ORD009877,2024-10-10,Size Issue,Refunded
RET00342,ORD010868,2024-08-27,Late Delivery,Refunded
RET00343,ORD000814,2025-04-16,Wrong Product,Refunded
RET00344,ORD006122,2025-05-27,Changed Mind,Refunded
RET00345,ORD006863,2024-09-08,Quality Issue,Refunded
RET00346,ORD006852,2024-03-11,Wrong Product,Refunded
RET00347,ORD004100,2024-08-06,Quality Issue,Refunded
RET00348,ORD009834,2024-07-04,Wrong Product,Refunded
RET00349,ORD010662,2024-11-18,Size Issue,Refunded
RET00350,ORD006417,2025-10-01,Damaged,Refunded
RET00351,ORD006382,2025-11-17,Size Issue,Refunded
RET00352,ORD005925,2025-04-06,Size Issue,Refunded
RET00353,ORD010797,2025-08-01,Changed Mind,Refunded
RET00354,ORD002833,2024-06-15,Size Issue,Processing
RET00355,ORD004935,2025-07-18,Changed Mind,Refunded
RET00356,ORD003225,2024-06-19,Late Delivery,Refunded
RET00357,ORD010237,2024-05-27,Size Issue,Processing
RET00358,ORD009152,2025-02-13,Wrong Product,Refunded
RET00359,ORD006686,2025-02-24,Changed Mind,Processing
RET00360,ORD002909,2024-01-25,Damaged,Refunded
RET00361,ORD003828,2025-12-04,Quality Issue,Processing
RET00362,ORD001337,2024-05-15,Wrong Product,Refunded
RET00363,ORD004701,2025-12-29,Changed Mind,Refunded
RET00364,ORD001259,2024-12-14,Late Delivery,Refunded
RET00365,ORD001593,2024-10-17,Wrong Product,Refunded
RET00366,ORD003527,2024-11-25,Late Delivery,Refunded
RET00367,ORD010444,2024-05-28,Late Delivery,Refunded
RET00368,ORD010843,2024-05-03,Quality Issue,Refunded
RET00369,ORD007368,2025-11-27,Wrong Product,Refunded
RET00370,ORD001126,2024-02-16,Quality Issue,Refunded
RET00371,ORD007863,2025-04-26,Late Delivery,Refunded
RET00372,ORD006614,2025-06-20,Late Delivery,Refunded
RET00373,ORD006290,2025-09-12,Changed Mind,Refunded
RET00374,ORD008127,2024-08-11,Quality Issue,Refunded
RET00375,ORD005414,2025-03-08,Quality Issue,Processing
RET00376,ORD007259,2025-10-20,Late Delivery,Refunded
RET00377,ORD002257,2024-10-27,Size Issue,Refunded
RET00378,ORD011213,2025-01-12,Late Delivery,Refunded
RET00379,ORD008387,2024-11-02,Changed Mind,Refunded
RET00380,ORD001158,2024-01-28,Changed Mind,Refunded
RET00381,ORD005760,2024-02-13,Late Delivery,Refunded
RET00382,ORD010358,2025-06-16,Size Issue,Refunded
RET00383,ORD002326,2024-04-15,Quality Issue,Refunded
RET00384,ORD001056,2024-07-13,Wrong Product,Rejected
RET00385,ORD001944,2024-07-26,Damaged,Refunded
RET00386,ORD011467,2025-09-23,Wrong Product,Refunded
RET00387,ORD001918,2025-08-22,Late Delivery,Refunded
RET00388,ORD010522,2024-08-06,Late Delivery,Refunded
RET00389,ORD002400,2024-12-14,Quality Issue,Refunded
RET00390,ORD009432,2025-10-14,Wrong Product,Refunded
RET00391,ORD007925,2024-03-19,Damaged,Refunded
RET00392,ORD007445,2026-01-09,Wrong Product,Refunded
RET00393,ORD002109,2025-03-21,Wrong Product,Rejected
RET00394,ORD003388,2024-10-09,Late Delivery,Refunded
RET00395,ORD009360,2025-11-03,Changed Mind,Processing
RET00396,ORD004806,2025-12-27,Damaged,Refunded
RET00397,ORD003507,2025-02-11,Damaged,Refunded
RET00398,ORD011198,2024-08-10,Changed Mind,Refunded
RET00399,ORD011659,2024-05-16,Damaged,Refunded
RET00400,ORD005282,2024-12-04,Size Issue,Refunded
RET00401,ORD001485,2025-06-26,Quality Issue,Rejected
RET00402,ORD008957,2024-01-19,Damaged,Refunded
RET00403,ORD007097,2024-04-11,Size Issue,Processing
RET00404,ORD003720,2025-04-17,Wrong Product,Refunded
RET00405,ORD004067,2025-11-15,Wrong Product,Refunded
RET00406,ORD011471,2025-12-02,Wrong Product,Refunded
RET00407,ORD002230,2024-07-01,Late Delivery,Refunded
RET00408,ORD007498,2024-06-13,Wrong Product,Refunded
RET00409,ORD011097,2025-02-27,Wrong Product,Refunded
RET00410,ORD000765,2024-08-08,Wrong Product,Refunded
RET00411,ORD010725,2024-05-17,Late Delivery,Refunded
RET00412,ORD011735,2025-08-05,Late Delivery,Refunded
RET00413,ORD008784,2025-11-06,Late Delivery,Refunded
RET00414,ORD011525,2024-06-23,Late Delivery,Processing
RET00415,ORD007761,2025-12-21,Size Issue,Refunded
RET00416,ORD006795,2025-05-01,Wrong Product,Refunded
RET00417,ORD003447,2024-10-11,Quality Issue,Refunded
RET00418,ORD003607,2024-09-13,Size Issue,Refunded
RET00419,ORD009857,2024-08-10,Changed Mind,Refunded
RET00420,ORD009191,2024-11-29,Quality Issue,Refunded
RET00421,ORD000747,2025-12-02,Damaged,Refunded
RET00422,ORD006326,2025-08-08,Quality Issue,Refunded
RET00423,ORD011537,2024-11-01,Size Issue,Processing
RET00424,ORD001128,2024-10-12,Late Delivery,Refunded
RET00425,ORD005423,2025-04-07,Size Issue,Processing
RET00426,ORD005392,2024-04-22,Damaged,Refunded
RET00427,ORD008632,2025-12-12,Size Issue,Refunded
RET00428,ORD003928,2024-11-12,Late Delivery,Processing
RET00429,ORD006440,2024-04-27,Quality Issue,Refunded
RET00430,ORD000596,2024-10-07,Wrong Product,Refunded
RET00431,ORD008869,2024-09-01,Damaged,Refunded
RET00432,ORD000339,2025-08-11,Size Issue,Refunded
RET00433,ORD006261,2024-10-17,Wrong Product,Processing
RET00434,ORD004217,2024-06-14,Late Delivery,Refunded
RET00435,ORD006578,2024-09-27,Wrong Product,Processing
RET00436,ORD009650,2024-11-20,Size Issue,Refunded
RET00437,ORD003181,2024-03-28,Size Issue,Refunded
RET00438,ORD002083,2025-10-04,Changed Mind,Refunded
RET00439,ORD000054,2025-12-13,Quality Issue,Refunded
RET00440,ORD009376,2025-04-18,Damaged,Refunded
RET00441,ORD008926,2025-10-21,Wrong Product,Refunded
RET00442,ORD008686,2025-02-03,Size Issue,Refunded
RET00443,ORD008714,2024-09-25,Wrong Product,Refunded
RET00444,ORD007503,2025-04-03,Wrong Product,Refunded
RET00445,ORD001582,2024-10-06,Damaged,Processing
RET00446,ORD011674,2024-05-25,Quality Issue,Refunded
RET00447,ORD001136,2025-07-19,Size Issue,Refunded
RET00448,ORD007030,2025-04-02,Wrong Product,Rejected
RET00449,ORD001588,2024-09-17,Changed Mind,Refunded
RET00450,ORD000887,2024-04-27,Size Issue,Processing
RET00451,ORD000089,2025-03-25,Quality Issue,Refunded
RET00452,ORD008509,2024-01-23,Size Issue,Refunded
RET00453,ORD003198,2025-09-06,Changed Mind,Refunded
RET00454,ORD011320,2024-07-16,Damaged,Refunded
RET00455,ORD000753,2024-03-14,Wrong Product,Refunded
RET00456,ORD005295,2024-04-16,Changed Mind,Refunded
RET00457,ORD000500,2025-12-10,Changed Mind,Refunded
RET00458,ORD009062,2025-07-25,Wrong Product,Refunded
RET00459,ORD011972,2024-12-24,Size Issue,Refunded
RET00460,ORD004381,2024-10-14,Size Issue,Refunded
RET00461,ORD005263,2025-05-09,Size Issue,Refunded
RET00462,ORD002264,2024-05-25,Late Delivery,Refunded
RET00463,ORD003977,2024-06-07,Wrong Product,Refunded
RET00464,ORD011910,2024-10-14,Quality Issue,Processing
RET00465,ORD007497,2024-10-07,Quality Issue,Refunded
RET00466,ORD001215,2024-08-21,Size Issue,Refunded
RET00467,ORD006404,2024-02-02,Changed Mind,Refunded
RET00468,ORD003247,2025-08-03,Late Delivery,Refunded
RET00469,ORD003117,2024-08-24,Damaged,Rejected
RET00470,ORD001119,2025-03-12,Size Issue,Refunded
RET00471,ORD000822,2024-09-22,Wrong Product,Refunded
RET00472,ORD004630,2025-10-21,Late Delivery,Refunded
RET00473,ORD004451,2024-06-22,Damaged,Refunded
RET00474,ORD004989,2024-03-05,Damaged,Refunded
RET00475,ORD008330,2025-12-08,Late Delivery,Refunded
RET00476,ORD011946,2024-04-26,Quality Issue,Refunded
RET00477,ORD007701,2025-05-06,Quality Issue,Refunded
RET00478,ORD007435,2025-10-29,Changed Mind,Processing
RET00479,ORD006827,2025-12-13,Damaged,Processing
RET00480,ORD006662,2024-01-30,Quality Issue,Refunded
RET00481,ORD007693,2024-08-25,Wrong Product,Refunded
RET00482,ORD001535,2024-06-30,Wrong Product,Rejected
RET00483,ORD003894,2024-05-12,Wrong Product,Refunded
RET00484,ORD009582,2026-01-07,Quality Issue,Processing
RET00485,ORD001862,2025-03-06,Quality Issue,Refunded
RET00486,ORD003126,2025-10-16,Changed Mind,Processing
RET00487,ORD001309,2025-04-09,Wrong Product,Refunded
RET00488,ORD008028,2024-06-04,Changed Mind,Refunded
RET00489,ORD004652,2024-01-22,Wrong Product,Refunded
RET00490,ORD001792,2025-01-12,Size Issue,Refunded
RET00491,ORD005123,2024-10-10,Quality Issue,Refunded
RET00492,ORD011086,2025-05-12,Late Delivery,Refunded
RET00493,ORD011149,2025-01-22,Changed Mind,Refunded
RET00494,ORD010181,2024-10-24,Size Issue,Refunded
RET00495,ORD001038,2025-05-26,Damaged,Processing
RET00496,ORD004507,2024-09-05,Changed Mind,Processing
RET00497,ORD010329,2024-11-08,Late Delivery,Refunded
RET00498,ORD000117,2025-11-07,Damaged,Refunded
RET00499,ORD009310,2024-09-10,Size Issue,Processing
RET00500,ORD011463,2024-05-30,Late Delivery,Refunded
RET00501,ORD008436,2024-09-05,Size Issue,Refunded
RET00502,ORD008671,2025-10-04,Late Delivery,Rejected
RET00503,ORD011817,2024-11-15,Changed Mind,Refunded
RET00504,ORD009289,2024-08-09,Late Delivery,Refunded
RET00505,ORD004236,2024-12-22,Wrong Product,Refunded
RET00506,ORD005714,2025-04-06,Late Delivery,Processing
RET00507,ORD003136,2025-01-10,Damaged,Processing
RET00508,ORD010147,2024-01-27,Late Delivery,Processing
RET00509,ORD007538,2025-11-06,Size Issue,Refunded
RET00510,ORD002350,2025-09-01,Damaged,Refunded
RET00511,ORD010501,2025-11-16,Changed Mind,Rejected
RET00512,ORD003121,2024-12-02,Late Delivery,Processing
RET00513,ORD008156,2025-02-14,Late Delivery,Processing
RET00514,ORD002219,2024-12-16,Wrong Product,Refunded
RET00515,ORD007699,2024-03-04,Late Delivery,Refunded
RET00516,ORD002588,2024-08-13,Late Delivery,Refunded
RET00517,ORD002272,2025-02-17,Late Delivery,Refunded
RET00518,ORD003875,2025-06-28,Size Issue,Refunded
RET00519,ORD001405,2025-04-05,Late Delivery,Refunded
RET00520,ORD001882,2025-07-20,Wrong Product,Refunded
RET00521,ORD000215,2025-12-19,Size Issue,Refunded
RET00522,ORD008299,2025-12-28,Wrong Product,Processing
RET00523,ORD011699,2025-12-14,Quality Issue,Refunded
RET00524,ORD005565,2024-08-02,Wrong Product,Processing
RET00525,ORD000247,2024-07-27,Size Issue,Refunded
RET00526,ORD005524,2025-08-15,Changed Mind,Processing
RET00527,ORD002734,2025-09-27,Changed Mind,Refunded
RET00528,ORD010222,2025-02-16,Changed Mind,Refunded
RET00529,ORD006225,2025-05-24,Damaged,Refunded
RET00530,ORD011608,2025-10-01,Quality Issue,Refunded
RET00531,ORD006554,2024-12-08,Size Issue,Refunded
RET00532,ORD002220,2026-01-14,Quality Issue,Refunded
RET00533,ORD009637,2024-06-16,Wrong Product,Refunded
RET00534,ORD010706,2025-11-24,Wrong Product,Refunded
RET00535,ORD001507,2025-07-31,Size Issue,Refunded
RET00536,ORD002431,2024-06-03,Quality Issue,Refunded
RET00537,ORD001676,2025-08-12,Changed Mind,Refunded
RET00538,ORD004450,2025-09-02,Size Issue,Rejected
RET00539,ORD010020,2025-05-04,Wrong Product,Refunded
RET00540,ORD005799,2025-10-13,Size Issue,Refunded
RET00541,ORD000783,2024-08-26,Size Issue,Refunded
RET00542,ORD010459,2024-10-05,Damaged,Refunded
RET00543,ORD004378,2024-07-24,Changed Mind,Rejected
RET00544,ORD001446,2025-01-09,Changed Mind,Processing
RET00545,ORD011003,2024-04-18,Late Delivery,Refunded
RET00546,ORD007145,2025-11-23,Late Delivery,Refunded
RET00547,ORD011472,2025-04-16,Wrong Product,Refunded
RET00548,ORD010135,2024-01-19,Changed Mind,Refunded
RET00549,ORD010845,2025-11-23,Late Delivery,Refunded
RET00550,ORD006373,2024-08-31,Damaged,Refunded
RET00551,ORD005262,2024-03-17,Size Issue,Refunded
RET00552,ORD007339,2025-12-09,Changed Mind,Processing
RET00553,ORD011609,2024-12-08,Damaged,Refunded
RET00554,ORD007407,2024-07-13,Damaged,Refunded
RET00555,ORD008236,2024-10-17,Wrong Product,Refunded
RET00556,ORD002769,2025-11-12,Damaged,Refunded
RET00557,ORD009694,2024-04-01,Wrong Product,Refunded
RET00558,ORD005713,2025-11-01,Wrong Product,Refunded
RET00559,ORD003785,2025-04-24,Wrong Product,Processing
RET00560,ORD001584,2025-03-30,Quality Issue,Refunded
RET00561,ORD000828,2024-12-31,Late Delivery,Processing
RET00562,ORD006551,2024-06-17,Late Delivery,Processing
RET00563,ORD001378,2025-09-09,Damaged,Refunded
RET00564,ORD011247,2025-10-13,Changed Mind,Refunded
RET00565,ORD007479,2024-01-30,Changed Mind,Refunded
RET00566,ORD002126,2024-05-24,Quality Issue,Refunded
RET00567,ORD004456,2024-08-06,Quality Issue,Refunded
RET00568,ORD006615,2024-04-12,Quality Issue,Refunded
RET00569,ORD009403,2025-05-24,Late Delivery,Refunded
RET00570,ORD009766,2024-07-12,Wrong Product,Refunded
RET00571,ORD011859,2025-11-20,Size Issue,Refunded
RET00572,ORD008597,2026-01-02,Late Delivery,Processing
RET00573,ORD001544,2024-06-12,Changed Mind,Refunded
RET00574,ORD002262,2024-07-30,Wrong Product,Refunded
RET00575,ORD011286,2025-12-21,Changed Mind,Refunded
RET00576,ORD010650,2024-08-14,Wrong Product,Refunded
RET00577,ORD009806,2025-01-10,Wrong Product,Refunded
RET00578,ORD005996,2024-05-10,Late Delivery,Refunded
RET00579,ORD006621,2024-02-06,Changed Mind,Refunded
RET00580,ORD000622,2024-06-05,Wrong Product,Refunded
RET00581,ORD006995,2025-05-21,Changed Mind,Refunded
RET00582,ORD007124,2025-11-06,Wrong Product,Refunded
RET00583,ORD007998,2025-05-14,Wrong Product,Processing
RET00584,ORD006492,2024-08-29,Late Delivery,Refunded
RET00585,ORD004983,2025-01-05,Quality Issue,Refunded
RET00586,ORD004695,2024-02-16,Damaged,Refunded
RET00587,ORD007007,2024-11-21,Late Delivery,Refunded
RET00588,ORD001767,2024-08-27,Damaged,Refunded
RET00589,ORD011182,2024-11-27,Late Delivery,Refunded
RET00590,ORD008198,2025-08-01,Quality Issue,Refunded
RET00591,ORD008096,2025-10-30,Wrong Product,Refunded
RET00592,ORD002359,2024-11-19,Wrong Product,Refunded
RET00593,ORD009440,2025-03-31,Damaged,Refunded
RET00594,ORD006141,2025-11-13,Late Delivery,Refunded
RET00595,ORD004168,2024-07-10,Late Delivery,Rejected
RET00596,ORD000872,2024-03-05,Changed Mind,Processing
RET00597,ORD009245,2025-03-02,Wrong Product,Rejected
RET00598,ORD007308,2024-02-22,Size Issue,Refunded
RET00599,ORD006786,2025-03-21,Changed Mind,Refunded
RET00600,ORD006202,2025-01-10,Damaged,Refunded
RET00601,ORD005004,2025-06-07,Size Issue,Refunded
RET00602,ORD007533,2024-01-30,Wrong Product,Refunded
RET00603,ORD000261,2024-07-17,Changed Mind,Refunded
RET00604,ORD001503,2025-07-17,Late Delivery,Rejected
RET00605,ORD007269,2024-06-03,Quality Issue,Refunded
RET00606,ORD005530,2025-04-11,Wrong Product,Refunded
RET00607,ORD011724,2025-05-10,Quality Issue,Refunded
RET00608,ORD005424,2025-08-08,Damaged,Refunded
RET00609,ORD002143,2024-09-17,Wrong Product,Refunded
RET00610,ORD002954,2025-12-12,Wrong Product,Refunded
RET00611,ORD000495,2024-07-20,Damaged,Refunded
RET00612,ORD006059,2025-07-30,Changed Mind,Refunded
RET00613,ORD007426,2024-11-26,Quality Issue,Refunded
RET00614,ORD005663,2025-10-24,Late Delivery,Refunded
RET00615,ORD008644,2024-09-27,Wrong Product,Refunded
RET00616,ORD010384,2025-02-01,Wrong Product,Refunded
RET00617,ORD002601,2024-05-17,Quality Issue,Refunded
RET00618,ORD003383,2024-03-13,Wrong Product,Processing
RET00619,ORD008327,2024-12-09,Changed Mind,Refunded
RET00620,ORD001752,2024-09-21,Late Delivery,Refunded
RET00621,ORD010338,2025-02-09,Changed Mind,Refunded
RET00622,ORD001569,2024-10-19,Wrong Product,Refunded
RET00623,ORD002803,2026-01-02,Changed Mind,Refunded
RET00624,ORD009826,2024-05-19,Quality Issue,Refunded
RET00625,ORD007335,2024-02-17,Late Delivery,Refunded
RET00626,ORD003753,2024-12-14,Quality Issue,Refunded
RET00627,ORD009030,2025-09-19,Size Issue,Refunded
RET00628,ORD011452,2024-11-18,Quality Issue,Processing
RET00629,ORD004363,2025-06-26,Late Delivery,Refunded
RET00630,ORD007615,2025-08-17,Damaged,Refunded
RET00631,ORD009018,2024-02-04,Late Delivery,Processing
RET00632,ORD000265,2025-01-02,Late Delivery,Refunded
RET00633,ORD011483,2024-05-27,Damaged,Refunded
RET00634,ORD001078,2024-02-28,Wrong Product,Refunded
RET00635,ORD011148,2025-12-22,Wrong Product,Refunded
RET00636,ORD001413,2026-01-04,Quality Issue,Refunded
RET00637,ORD010386,2024-06-24,Size Issue,Refunded
RET00638,ORD010142,2025-05-04,Size Issue,Refunded
RET00639,ORD010383,2024-05-31,Wrong Product,Refunded
RET00640,ORD009286,2024-12-10,Changed Mind,Refunded
RET00641,ORD002069,2025-02-17,Damaged,Refunded
RET00642,ORD010525,2024-09-24,Size Issue,Refunded
RET00643,ORD007070,2025-02-01,Changed Mind,Refunded
RET00644,ORD010478,2024-10-26,Quality Issue,Processing
RET00645,ORD003823,2025-08-25,Quality Issue,Refunded
RET00646,ORD000064,2024-04-29,Damaged,Rejected
RET00647,ORD005102,2024-09-22,Damaged,Refunded
RET00648,ORD002108,2024-02-06,Quality Issue,Refunded
RET00649,ORD011011,2024-09-19,Damaged,Refunded
RET00650,ORD009493,2024-05-16,Size Issue,Refunded
RET00651,ORD000318,2024-05-27,Late Delivery,Refunded
RET00652,ORD000273,2025-07-27,Quality Issue,Refunded
RET00653,ORD006025,2024-09-04,Changed Mind,Refunded
RET00654,ORD006354,2024-04-17,Size Issue,Refunded
RET00655,ORD004343,2025-11-01,Changed Mind,Refunded
RET00656,ORD001319,2024-06-30,Changed Mind,Refunded
RET00657,ORD010900,2024-12-20,Changed Mind,Refunded
RET00658,ORD003904,2024-08-19,Damaged,Refunded
RET00659,ORD002144,2025-12-09,Changed Mind,Refunded
RET00660,ORD004211,2024-06-08,Changed Mind,Refunded
RET00661,ORD000128,2024-05-11,Quality Issue,Refunded
RET00662,ORD002812,2024-05-04,Size Issue,Refunded
RET00663,ORD007273,2025-04-22,Changed Mind,Refunded
RET00664,ORD002255,2025-08-24,Wrong Product,Rejected
RET00665,ORD009538,2024-08-30,Wrong Product,Rejected
RET00666,ORD002366,2024-05-10,Changed Mind,Refunded
RET00667,ORD009388,2024-10-07,Wrong Product,Refunded
RET00668,ORD011379,2024-06-08,Changed Mind,Refunded
RET00669,ORD000373,2025-11-01,Quality Issue,Processing
RET00670,ORD010604,2025-07-16,Changed Mind,Refunded
RET00671,ORD008287,2025-11-22,Wrong Product,Refunded
RET00672,ORD001029,2024-07-07,Quality Issue,Refunded
RET00673,ORD004485,2024-03-24,Size Issue,Processing
RET00674,ORD007359,2025-05-09,Size Issue,Refunded
RET00675,ORD007817,2025-06-10,Late Delivery,Refunded
RET00676,ORD011977,2024-12-21,Quality Issue,Refunded
RET00677,ORD001995,2024-05-07,Late Delivery,Refunded
RET00678,ORD009291,2024-04-08,Quality Issue,Refunded
RET00679,ORD002341,2024-12-01,Changed Mind,Processing
RET00680,ORD009315,2024-09-17,Damaged,Refunded
RET00681,ORD000827,2025-02-09,Quality Issue,Refunded
RET00682,ORD001233,2024-06-26,Late Delivery,Refunded
RET00683,ORD011940,2025-12-26,Late Delivery,Refunded
RET00684,ORD001459,2024-07-16,Damaged,Refunded
RET00685,ORD003158,2024-02-15,Wrong Product,Rejected
RET00686,ORD003212,2024-07-30,Size Issue,Refunded
RET00687,ORD002988,2024-05-05,Damaged,Refunded
RET00688,ORD001913,2025-06-14,Quality Issue,Refunded
RET00689,ORD001205,2024-03-07,Late Delivery,Refunded
RET00690,ORD009641,2025-12-10,Changed Mind,Refunded
RET00691,ORD000577,2025-02-15,Quality Issue,Refunded
RET00692,ORD000083,2025-02-18,Quality Issue,Processing
RET00693,ORD000101,2025-01-29,Quality Issue,Refunded
RET00694,ORD003551,2025-08-15,Wrong Product,Refunded
RET00695,ORD007919,2025-10-18,Changed Mind,Refunded
RET00696,ORD011928,2025-03-17,Damaged,Refunded
RET00697,ORD002843,2024-07-14,Changed Mind,Processing
RET00698,ORD001076,2025-08-04,Quality Issue,Refunded
RET00699,ORD011081,2024-07-05,Changed Mind,Processing
RET00700,ORD009173,2025-05-21,Size Issue,Refunded
RET00701,ORD007570,2024-07-07,Late Delivery,Refunded
RET00702,ORD007416,2025-12-13,Size Issue,Refunded
RET00703,ORD005595,2026-01-08,Late Delivery,Refunded
RET00704,ORD000680,2024-09-03,Late Delivery,Refunded
RET00705,ORD006966,2025-01-25,Changed Mind,Processing
RET00706,ORD009097,2024-08-30,Quality Issue,Refunded
RET00707,ORD005951,2025-04-17,Damaged,Refunded
RET00708,ORD004795,2025-11-14,Changed Mind,Refunded
RET00709,ORD007905,2024-04-14,Size Issue,Refunded
RET00710,ORD007034,2025-08-15,Wrong Product,Refunded
RET00711,ORD009059,2025-01-20,Damaged,Refunded
RET00712,ORD011319,2024-04-25,Late Delivery,Refunded
RET00713,ORD002327,2025-05-10,Size Issue,Refunded
RET00714,ORD007096,2024-10-19,Damaged,Rejected
RET00715,ORD005383,2025-09-04,Late Delivery,Refunded
RET00716,ORD008253,2025-09-09,Changed Mind,Processing
RET00717,ORD000031,2025-06-27,Quality Issue,Processing
RET00718,ORD004575,2024-08-08,Wrong Product,Refunded
RET00719,ORD003329,2024-04-23,Wrong Product,Refunded
RET00720,ORD002630,2024-07-26,Size Issue,Refunded
RET00721,ORD007151,2026-01-06,Wrong Product,Refunded
RET00722,ORD004673,2024-07-04,Size Issue,Refunded
RET00723,ORD001610,2024-06-02,Damaged,Rejected
RET00724,ORD010906,2024-03-14,Size Issue,Refunded
RET00725,ORD008843,2025-07-19,Quality Issue,Refunded
RET00726,ORD010884,2025-02-10,Late Delivery,Refunded
RET00727,ORD000736,2025-08-28,Changed Mind,Refunded
RET00728,ORD008760,2024-02-19,Size Issue,Refunded
RET00729,ORD007764,2025-03-12,Quality Issue,Refunded
RET00730,ORD009786,2024-03-09,Wrong Product,Refunded
RET00731,ORD000719,2025-06-26,Changed Mind,Refunded
RET00732,ORD008532,2025-06-30,Quality Issue,Refunded
RET00733,ORD000468,2025-05-07,Damaged,Refunded
RET00734,ORD011127,2024-12-14,Damaged,Refunded
RET00735,ORD004385,2024-06-30,Size Issue,Processing
RET00736,ORD002514,2025-01-07,Quality Issue,Refunded
RET00737,ORD006426,2025-04-12,Damaged,Refunded
RET00738,ORD011555,2025-05-04,Wrong Product,Refunded
RET00739,ORD008121,2024-07-19,Late Delivery,Refunded
RET00740,ORD001524,2024-02-11,Size Issue,Refunded
RET00741,ORD011416,2024-12-03,Damaged,Refunded
RET00742,ORD008721,2025-12-10,Late Delivery,Refunded
RET00743,ORD006278,2025-06-30,Late Delivery,Refunded
RET00744,ORD003161,2025-06-21,Wrong Product,Refunded
RET00745,ORD004770,2024-10-07,Quality Issue,Processing
RET00746,ORD000118,2024-07-01,Late Delivery,Processing
RET00747,ORD002479,2025-01-22,Quality Issue,Refunded
RET00748,ORD000982,2025-10-29,Late Delivery,Refunded
RET00749,ORD004994,2024-07-12,Size Issue,Refunded
RET00750,ORD004883,2025-08-20,Size Issue,Refunded
RET00751,ORD005024,2024-10-24,Changed Mind,Processing
RET00752,ORD009509,2024-09-23,Changed Mind,Processing
RET00753,ORD011377,2025-08-30,Damaged,Rejected
RET00754,ORD006205,2024-07-10,Changed Mind,Refunded
RET00755,ORD003652,2024-08-08,Damaged,Refunded
RET00756,ORD006296,2024-03-28,Quality Issue,Rejected
RET00757,ORD002133,2024-09-02,Damaged,Refunded
RET00758,ORD011801,2024-08-08,Late Delivery,Refunded
RET00759,ORD002417,2024-05-10,Size Issue,Processing
RET00760,ORD005323,2025-05-04,Quality Issue,Refunded
RET00761,ORD009821,2024-10-10,Late Delivery,Refunded
RET00762,ORD005396,2025-05-18,Damaged,Refunded
RET00763,ORD010148,2024-02-24,Wrong Product,Refunded
RET00764,ORD009934,2025-01-07,Changed Mind,Refunded
RET00765,ORD000168,2025-03-24,Late Delivery,Refunded
RET00766,ORD002612,2025-08-26,Quality Issue,Refunded
RET00767,ORD001616,2025-12-08,Changed Mind,Refunded
RET00768,ORD003004,2024-08-30,Damaged,Refunded
RET00769,ORD010876,2025-10-09,Wrong Product,Refunded
RET00770,ORD006106,2024-08-23,Wrong Product,Refunded
RET00771,ORD006159,2024-09-03,Quality Issue,Refunded
RET00772,ORD007377,2025-04-18,Quality Issue,Processing
RET00773,ORD003140,2024-01-25,Damaged,Refunded
RET00774,ORD009902,2025-12-14,Wrong Product,Refunded
RET00775,ORD002659,2025-07-13,Damaged,Refunded
RET00776,ORD008217,2024-02-29,Damaged,Refunded
RET00777,ORD007431,2025-07-28,Size Issue,Refunded
RET00778,ORD008027,2025-07-16,Damaged,Processing
RET00779,ORD007093,2024-08-07,Damaged,Processing
RET00780,ORD001626,2024-03-18,Size Issue,Processing
RET00781,ORD004329,2024-11-18,Changed Mind,Refunded
RET00782,ORD009266,2024-02-23,Damaged,Refunded
RET00783,ORD003204,2025-04-15,Quality Issue,Processing
RET00784,ORD004263,2025-04-02,Changed Mind,Processing
RET00785,ORD006846,2025-02-01,Damaged,Refunded
RET00786,ORD004278,2025-03-23,Late Delivery,Refunded
RET00787,ORD010087,2025-11-29,Size Issue,Refunded
RET00788,ORD006867,2025-10-21,Changed Mind,Refunded
RET00789,ORD002609,2025-01-03,Late Delivery,Refunded
RET00790,ORD003841,2025-03-07,Wrong Product,Refunded
RET00791,ORD011188,2024-02-07,Wrong Product,Refunded
RET00792,ORD002116,2025-04-27,Size Issue,Processing
RET00793,ORD004622,2025-04-02,Changed Mind,Refunded
RET00794,ORD009761,2025-09-16,Damaged,Processing
RET00795,ORD003713,2025-07-20,Size Issue,Processing
RET00796,ORD007591,2024-02-18,Late Delivery,Processing
RET00797,ORD011654,2024-04-21,Size Issue,Refunded
RET00798,ORD005988,2024-05-02,Damaged,Refunded
RET00799,ORD003947,2024-09-09,Damaged,Refunded
RET00800,ORD003530,2024-07-22,Wrong Product,Refunded
RET00801,ORD005782,2025-08-22,Quality Issue,Refunded
RET00802,ORD001175,2024-10-20,Damaged,Refunded
RET00803,ORD002653,2024-06-26,Changed Mind,Refunded
RET00804,ORD007884,2025-11-26,Late Delivery,Refunded
RET00805,ORD010798,2025-11-21,Quality Issue,Refunded
RET00806,ORD004997,2024-05-15,Damaged,Refunded
RET00807,ORD000076,2025-09-23,Size Issue,Processing
RET00808,ORD008219,2025-03-09,Damaged,Refunded
RET00809,ORD001112,2025-03-03,Quality Issue,Processing
RET00810,ORD000357,2025-09-23,Damaged,Refunded
RET00811,ORD006781,2025-09-01,Size Issue,Refunded
RET00812,ORD000263,2024-08-28,Late Delivery,Refunded
RET00813,ORD010325,2025-03-16,Quality Issue,Refunded
RET00814,ORD000029,2025-02-07,Quality Issue,Refunded
RET00815,ORD011741,2025-01-23,Size Issue,Processing
RET00816,ORD006268,2025-04-11,Late Delivery,Refunded
RET00817,ORD003758,2024-02-22,Changed Mind,Refunded
RET00818,ORD007521,2025-04-28,Late Delivery,Refunded
RET00819,ORD007921,2025-06-20,Wrong Product,Refunded
RET00820,ORD007902,2025-01-15,Changed Mind,Refunded
RET00821,ORD004807,2024-05-22,Late Delivery,Refunded
RET00822,ORD005907,2024-09-04,Wrong Product,Refunded
RET00823,ORD008025,2025-12-24,Quality Issue,Refunded
RET00824,ORD010074,2025-10-19,Late Delivery,Refunded
RET00825,ORD005297,2024-04-15,Size Issue,Refunded
RET00826,ORD008379,2024-01-20,Quality Issue,Processing
RET00827,ORD001525,2024-04-04,Size Issue,Processing
RET00828,ORD000487,2025-08-16,Quality Issue,Refunded
RET00829,ORD011046,2025-03-21,Quality Issue,Refunded
RET00830,ORD002683,2024-08-24,Size Issue,Refunded
RET00831,ORD002012,2024-02-13,Wrong Product,Refunded
RET00832,ORD006561,2024-04-24,Changed Mind,Processing
RET00833,ORD002345,2024-05-12,Changed Mind,Processing
RET00834,ORD006501,2024-03-30,Late Delivery,Refunded
RET00835,ORD007577,2024-03-05,Changed Mind,Processing
RET00836,ORD011039,2025-10-18,Late Delivery,Refunded
RET00837,ORD011836,2025-03-30,Size Issue,Refunded
RET00838,ORD009456,2024-03-01,Quality Issue,Refunded
RET00839,ORD005628,2025-09-29,Changed Mind,Refunded
RET00840,ORD009751,2024-02-06,Damaged,Refunded
RET00841,ORD007553,2024-04-26,Quality Issue,Refunded
RET00842,ORD001424,2024-09-07,Late Delivery,Rejected
RET00843,ORD006251,2024-04-23,Damaged,Refunded
RET00844,ORD009007,2024-06-10,Damaged,Refunded
RET00845,ORD007121,2025-07-19,Size Issue,Refunded
RET00846,ORD010922,2024-05-03,Size Issue,Refunded
RET00847,ORD003166,2024-08-31,Changed Mind,Refunded
RET00848,ORD011335,2025-11-06,Damaged,Refunded
RET00849,ORD001466,2025-04-10,Quality Issue,Refunded
RET00850,ORD008437,2024-03-16,Quality Issue,Refunded
RET00851,ORD003054,2025-11-19,Late Delivery,Refunded
RET00852,ORD006607,2025-03-29,Size Issue,Refunded
RET00853,ORD004576,2025-07-11,Damaged,Refunded
RET00854,ORD001992,2024-11-03,Changed Mind,Processing
RET00855,ORD002910,2025-09-10,Size Issue,Rejected
RET00856,ORD006736,2025-12-12,Late Delivery,Refunded
RET00857,ORD007745,2024-02-09,Quality Issue,Refunded
RET00858,ORD011170,2025-05-03,Late Delivery,Processing
RET00859,ORD009321,2024-12-08,Wrong Product,Refunded
RET00860,ORD001689,2025-06-27,Size Issue,Rejected
RET00861,ORD006899,2024-03-10,Wrong Product,Refunded
RET00862,ORD010850,2025-07-16,Wrong Product,Refunded
RET00863,ORD009573,2025-08-16,Size Issue,Refunded
RET00864,ORD005106,2025-05-06,Size Issue,Refunded
RET00865,ORD005751,2024-09-01,Late Delivery,Refunded
RET00866,ORD004405,2024-12-02,Quality Issue,Refunded
RET00867,ORD000662,2024-09-20,Size Issue,Refunded
RET00868,ORD008781,2024-07-21,Quality Issue,Refunded
RET00869,ORD003687,2025-12-10,Late Delivery,Processing
RET00870,ORD007787,2025-11-13,Late Delivery,Refunded
RET00871,ORD006445,2025-02-13,Wrong Product,Refunded
RET00872,ORD006994,2024-08-20,Size Issue,Refunded
RET00873,ORD005051,2024-10-17,Quality Issue,Refunded
RET00874,ORD001533,2024-07-25,Damaged,Refunded
RET00875,ORD011844,2024-08-01,Late Delivery,Rejected
RET00876,ORD007685,2024-10-15,Changed Mind,Refunded
RET00877,ORD009091,2025-01-06,Late Delivery,Processing
RET00878,ORD008608,2024-10-06,Wrong Product,Refunded
RET00879,ORD010649,2025-11-12,Quality Issue,Refunded
RET00880,ORD010186,2025-01-26,Wrong Product,Processing
RET00881,ORD004535,2025-07-26,Quality Issue,Rejected
RET00882,ORD003185,2024-01-29,Changed Mind,Refunded
RET00883,ORD003173,2025-03-13,Late Delivery,Processing
RET00884,ORD009985,2026-01-02,Damaged,Refunded
RET00885,ORD005171,2024-08-31,Damaged,Refunded
RET00886,ORD000752,2025-08-25,Size Issue,Refunded
RET00887,ORD009972,2024-12-22,Damaged,Refunded
RET00888,ORD000294,2024-07-22,Changed Mind,Processing
RET00889,ORD001541,2025-07-14,Damaged,Refunded
RET00890,ORD002021,2025-01-21,Wrong Product,Refunded
RET00891,ORD011647,2025-06-10,Wrong Product,Refunded
RET00892,ORD002872,2025-03-30,Quality Issue,Refunded
RET00893,ORD002468,2025-01-09,Late Delivery,Refunded
RET00894,ORD002518,2025-06-05,Size Issue,Processing
RET00895,ORD005547,2024-05-28,Wrong Product,Processing
RET00896,ORD001611,2025-07-26,Size Issue,Refunded
RET00897,ORD005730,2025-05-23,Size Issue,Refunded
RET00898,ORD007160,2025-06-16,Late Delivery,Refunded
RET00899,ORD009894,2025-08-05,Late Delivery,Refunded
RET00900,ORD008431,2024-02-10,Late Delivery,Refunded
,,, damaged ,
,,,,refunded
