seller_id,seller_name,seller_city,seller_tier
SELL001,Seller 001,Chennai,Platinum
SELL002,Seller 002,Kolkata,Silver
SELL003,Seller 003,Ahmedabad,Silver
SELL004,Seller 004,Pune,Platinum
SELL005,Seller 005,Hyderabad,Gold
SELL006,Seller 006,Chennai,Gold
SELL007,Seller 007,Gurugram,Silver
SELL008,Seller 008,Patna,Gold
SELL009,Seller 009,Mumbai,Silver
SELL010,Seller 010,Ludhiana,Gold
SELL011,Seller 011,Kolkata,Gold
SELL012,Seller 012,Bengaluru,Gold
SELL013,Seller 013,Jodhpur,Silver
SELL014,Seller 014,Mumbai,Silver
SELL015,Seller 015,Indore,Gold
SELL016,Seller 016,Jodhpur,Silver
SELL017,Seller 017,Pune,Gold
SELL018,Seller 018,Mumbai,Gold
SELL019,Seller 019,Lucknow,Platinum
SELL020,Seller 020,Ahmedabad,Silver
SELL021,Seller 021,Ahmedabad,Silver
SELL022,Seller 022,Gurugram,Gold
SELL023,Seller 023,Mumbai,Gold
SELL024,Seller 024,Patna,Gold
SELL025,Seller 025,Hyderabad,Silver
SELL026,Seller 026,Kolkata,Gold
SELL027,Seller 027,Indore,Platinum
SELL028,Seller 028,Indore,Silver
SELL029,Seller 029,Kolkata,Gold
SELL030,Seller 030,Jaipur,Silver
SELL031,Seller 031,Pune,Silver
SELL032,Seller 032,Mumbai,Gold
SELL033,Seller 033,Indore,Silver
SELL034,Seller 034,New Delhi,Silver
SELL035,Seller 035,Mumbai,Gold
SELL036,Seller 036,Ludhiana,Silver
SELL037,Seller 037,Chennai,Gold
SELL038,Seller 038,Jaipur,Silver
SELL039,Seller 039,Indore,Silver
SELL040,Seller 040,Ahmedabad,Platinum
SELL041,Seller 041,Indore,Gold
SELL042,Seller 042,Pune,Silver
SELL043,Seller 043,Ludhiana,Platinum
SELL044,Seller 044,Patna,Gold
SELL045,Seller 045,Jaipur,Silver
SELL046,Seller 046,Chennai,Gold
SELL047,Seller 047,Hyderabad,Silver
SELL048,Seller 048,Indore,Silver
SELL049,Seller 049,Ahmedabad,Gold
SELL050,Seller 050,Chennai,Gold
SELL051,Seller 051,Bengaluru,Gold
SELL052,Seller 052,Kolkata,Silver
SELL053,Seller 053,Hyderabad,Silver
SELL054,Seller 054,Bengaluru,Gold
SELL055,Seller 055,Bengaluru,Silver
SELL056,Seller 056,Chennai,Silver
SELL057,Seller 057,Indore,Gold
SELL058,Seller 058,Mumbai,Silver
SELL059,Seller 059,Ahmedabad,Gold
SELL060,Seller 060,Jaipur,Silver
SELL061,Seller 061,Kolkata,Silver
SELL062,Seller 062,Bengaluru,Gold
SELL063,Seller 063,Chennai,Gold
SELL064,Seller 064,Pune,Platinum
SELL065,Seller 065,Chennai,Silver
SELL066,Seller 066,Kolkata,Gold
SELL067,Seller 067,Jaipur,Silver
SELL068,Seller 068,Chennai,Gold
SELL069,Seller 069,Mumbai,Silver
SELL070,Seller 070,Pune,Silver
SELL071,Seller 071,Gurugram,Silver
SELL072,Seller 072,Jodhpur,Gold
SELL073,Seller 073,Pune,Silver
SELL074,Seller 074,Ludhiana,Gold
SELL075,Seller 075,Ludhiana,Silver
SELL076,Seller 076,Chennai,Silver
SELL077,Seller 077,Ludhiana,Silver
SELL078,Seller 078,Jodhpur,Silver
SELL079,Seller 079,New Delhi,Gold
SELL080,Seller 080,Chennai,Silver
